source_file,frame_no,timestamp_epoch,tx,rx,bssid,frame_protocols,type_subtype_hex,phase,ap_identity,ssid,rsn_present,akm_suites,pairwise_cipher,pmf_capable,pmf_required,auth_alg,assoc_status_code,has_eapol,eapol_msg_num,eapol_replay_counter
track3_filtered_baseline_authorized_only.pcapng,1,1781520173.392099000,d6:35:1d:9f:89:fc,ff:ff:ff:ff:ff:ff,d6:35:1d:9f:89:fc,radiotap:wlan_radio:wlan,0x0008,discovery,ap1,,0,,,,,,,0,,
track3_filtered_baseline_authorized_only.pcapng,2,1781520173.597885000,d6:35:1d:9f:89:fc,ff:ff:ff:ff:ff:ff,d6:35:1d:9f:89:fc,radiotap:wlan_radio:wlan,0x0008,discovery,ap1,,0,,,,,,,0,,
track3_filtered_baseline_authorized_only.pcapng,3,1781520173.698942000,d6:35:1d:9f:89:fc,ff:ff:ff:ff:ff:ff,d6:35:1d:9f:89:fc,radiotap:wlan_radio:wlan,0x0008,discovery,ap1,,0,,,,,,,0,,
track3_filtered_baseline_authorized_only.pcapng,4,1781520174.313490000,d6:35:1d:9f:89:fc,ff:ff:ff:ff:ff:ff,d6:35:1d:9f:89:fc,radiotap:wlan_radio:wlan,0x0008,discovery,ap1,,0,,,,,,,0,,
track3_filtered_baseline_authorized_only.pcapng,5,1781520174.520187000,d6:35:1d:9f:89:fc,ff:ff:ff:ff:ff:ff,d6:35:1d:9f:89:fc,radiotap:wlan_radio:wlan,0x0008,discovery,ap1,,0,,,,,,,0,,
track3_filtered_baseline_authorized_only.pcapng,6,1781520174.927604000,d6:35:1d:9f:89:fc,ff:ff:ff:ff:ff:ff,d6:35:1d:9f:89:fc,radiotap:wlan_radio:wlan,0x0008,discovery,ap1,,0,,,,,,,0,,
track3_filtered_baseline_authorized_only.pcapng,7,1781520175.237890000,d6:35:1d:9f:89:fc,ff:ff:ff:ff:ff:ff,d6:35:1d:9f:89:fc,radiotap:wlan_radio:wlan,0x0008,discovery,ap1,,0,,,,,,,0,,
track3_filtered_baseline_authorized_only.pcapng,8,1781520175.267703000,32:0a:af:e3:81:b2,d6:35:1d:9f:89:fc,d6:35:1d:9f:89:fc,radiotap:wlan_radio:wlan,0x000a,other,ap1,,0,,,,,,,0,,
track3_filtered_baseline_authorized_only.pcapng,9,1781520175.440046000,d6:35:1d:9f:89:fc,ff:ff:ff:ff:ff:ff,d6:35:1d:9f:89:fc,radiotap:wlan_radio:wlan,0x0008,discovery,ap1,,0,,,,,,,0,,
track3_filtered_baseline_authorized_only.pcapng,10,1781520176.464309000,d6:35:1d:9f:89:fc,ff:ff:ff:ff:ff:ff,d6:35:1d:9f:89:fc,radiotap:wlan_radio:wlan,0x0008,discovery,ap1,,0,,,,,,,0,,
track3_filtered_baseline_authorized_only.pcapng,11,1781520176.771745000,d6:35:1d:9f:89:fc,ff:ff:ff:ff:ff:ff,d6:35:1d:9f:89:fc,radiotap:wlan_radio:wlan,0x0008,discovery,ap1,,0,,,,,,,0,,
track3_filtered_baseline_authorized_only.pcapng,12,1781520176.973809000,d6:35:1d:9f:89:fc,42:e3:1a:15:a7:d8,d6:35:1d:9f:89:fc,radiotap:wlan_radio:wlan,0x0005,discovery,ap1,,0,,,,,,,0,,
track3_filtered_baseline_authorized_only.pcapng,13,1781520176.977819000,d6:35:1d:9f:89:fc,ff:ff:ff:ff:ff:ff,d6:35:1d:9f:89:fc,radiotap:wlan_radio:wlan,0x0008,discovery,ap1,,0,,,,,,,0,,
track3_filtered_baseline_authorized_only.pcapng,14,1781520177.181826000,d6:35:1d:9f:89:fc,ff:ff:ff:ff:ff:ff,d6:35:1d:9f:89:fc,radiotap:wlan_radio:wlan,0x0008,discovery,ap1,,0,,,,,,,0,,
track3_filtered_baseline_authorized_only.pcapng,15,1781520177.283800000,d6:35:1d:9f:89:fc,ff:ff:ff:ff:ff:ff,d6:35:1d:9f:89:fc,radiotap:wlan_radio:wlan,0x0008,discovery,ap1,,0,,,,,,,0,,
track3_filtered_baseline_authorized_only.pcapng,16,1781520177.298756000,32:0a:af:e3:81:b2,ff:ff:ff:ff:ff:ff,ff:ff:ff:ff:ff:ff,radiotap:wlan_radio:wlan,0x0004,discovery,unknown,,0,,,,,,,0,,
track3_filtered_baseline_authorized_only.pcapng,17,1781520177.366902000,32:0a:af:e3:81:b2,d6:35:1d:9f:89:fc,d6:35:1d:9f:89:fc,radiotap:wlan_radio:wlan:llc:eapol,0x0028,key_exchange,ap1,,0,,,,,,,1,,1
track3_filtered_baseline_authorized_only.pcapng,18,1781520177.389993000,d6:35:1d:9f:89:fc,ff:ff:ff:ff:ff:ff,d6:35:1d:9f:89:fc,radiotap:wlan_radio:wlan,0x0008,discovery,ap1,,0,,,,,,,0,,
track3_filtered_baseline_authorized_only.pcapng,19,1781520177.389996000,32:0a:af:e3:81:b2,d6:35:1d:9f:89:fc,d6:35:1d:9f:89:fc,radiotap:wlan_radio:wlan,0x000d,other,ap1,,0,,,,,,,0,,
track3_filtered_baseline_authorized_only.pcapng,20,1781520177.510042000,32:0a:af:e3:81:b2,d6:35:1d:9f:89:fc,d6:35:1d:9f:89:fc,radiotap:wlan_radio:wlan,0x000d,other,ap1,,0,,,,,,,0,,
track3_filtered_baseline_authorized_only.pcapng,21,1781520177.512996000,d6:35:1d:9f:89:fc,32:0a:af:e3:81:b2,d6:35:1d:9f:89:fc,radiotap:wlan_radio:wlan,0x000d,other,ap1,,0,,,,,,,0,,
track3_filtered_baseline_authorized_only.pcapng,22,1781520177.590977000,d6:35:1d:9f:89:fc,ff:ff:ff:ff:ff:ff,d6:35:1d:9f:89:fc,radiotap:wlan_radio:wlan,0x0008,discovery,ap1,,0,,,,,,,0,,
track3_filtered_baseline_authorized_only.pcapng,23,1781520177.622514000,d6:35:1d:9f:89:fc,32:0a:af:e3:81:b2,d6:35:1d:9f:89:fc,radiotap:wlan_radio:wlan,0x000d,other,ap1,,0,,,,,,,0,,
track3_filtered_baseline_authorized_only.pcapng,24,1781520177.696774000,d6:35:1d:9f:89:fc,ff:ff:ff:ff:ff:ff,d6:35:1d:9f:89:fc,radiotap:wlan_radio:wlan,0x0008,discovery,ap1,,0,,,,,,,0,,
track3_filtered_baseline_authorized_only.pcapng,25,1781520177.769878000,32:0a:af:e3:81:b2,ff:ff:ff:ff:ff:ff,ff:ff:ff:ff:ff:ff,radiotap:wlan_radio:wlan,0x0004,discovery,unknown,,0,,,,,,,0,,
track3_filtered_baseline_authorized_only.pcapng,26,1781520177.780197000,32:0a:af:e3:81:b2,ff:ff:ff:ff:ff:ff,ff:ff:ff:ff:ff:ff,radiotap:wlan_radio:wlan,0x0004,discovery,unknown,,0,,,,,,,0,,
track3_filtered_baseline_authorized_only.pcapng,27,1781520177.795989000,d6:35:1d:9f:89:fc,ff:ff:ff:ff:ff:ff,d6:35:1d:9f:89:fc,radiotap:wlan_radio:wlan,0x0008,discovery,ap1,,0,,,,,,,0,,
track3_filtered_baseline_authorized_only.pcapng,28,1781520177.897944000,d6:35:1d:9f:89:fc,ff:ff:ff:ff:ff:ff,d6:35:1d:9f:89:fc,radiotap:wlan_radio:wlan,0x0008,discovery,ap1,,0,,,,,,,0,,
track3_filtered_baseline_authorized_only.pcapng,29,1781520178.512347000,d6:35:1d:9f:89:fc,ff:ff:ff:ff:ff:ff,d6:35:1d:9f:89:fc,radiotap:wlan_radio:wlan,0x0008,discovery,ap1,,0,,,,,,,0,,
track3_filtered_baseline_authorized_only.pcapng,30,1781520178.716922000,d6:35:1d:9f:89:fc,ff:ff:ff:ff:ff:ff,d6:35:1d:9f:89:fc,radiotap:wlan_radio:wlan,0x0008,discovery,ap1,,0,,,,,,,0,,
track3_filtered_baseline_authorized_only.pcapng,31,1781520178.921811000,d6:35:1d:9f:89:fc,ff:ff:ff:ff:ff:ff,d6:35:1d:9f:89:fc,radiotap:wlan_radio:wlan,0x0008,discovery,ap1,,0,,,,,,,0,,
track3_filtered_baseline_authorized_only.pcapng,32,1781520179.025671000,d6:35:1d:9f:89:fc,ff:ff:ff:ff:ff:ff,d6:35:1d:9f:89:fc,radiotap:wlan_radio:wlan,0x0008,discovery,ap1,,0,,,,,,,0,,
track3_filtered_baseline_authorized_only.pcapng,33,1781520179.228417000,d6:35:1d:9f:89:fc,ff:ff:ff:ff:ff:ff,d6:35:1d:9f:89:fc,radiotap:wlan_radio:wlan,0x0008,discovery,ap1,,0,,,,,,,0,,
track3_filtered_baseline_authorized_only.pcapng,34,1781520179.434142000,d6:35:1d:9f:89:fc,ff:ff:ff:ff:ff:ff,d6:35:1d:9f:89:fc,radiotap:wlan_radio:wlan,0x0008,discovery,ap1,,0,,,,,,,0,,
track3_filtered_baseline_authorized_only.pcapng,35,1781520179.535934000,d6:35:1d:9f:89:fc,ff:ff:ff:ff:ff:ff,d6:35:1d:9f:89:fc,radiotap:wlan_radio:wlan,0x0008,discovery,ap1,,0,,,,,,,0,,
track3_filtered_baseline_authorized_only.pcapng,36,1781520179.843065000,d6:35:1d:9f:89:fc,ff:ff:ff:ff:ff:ff,d6:35:1d:9f:89:fc,radiotap:wlan_radio:wlan,0x0008,discovery,ap1,,0,,,,,,,0,,
track3_filtered_baseline_authorized_only.pcapng,37,1781520179.946248000,d6:35:1d:9f:89:fc,ff:ff:ff:ff:ff:ff,d6:35:1d:9f:89:fc,radiotap:wlan_radio:wlan,0x0008,discovery,ap1,,0,,,,,,,0,,
track3_filtered_baseline_authorized_only.pcapng,38,1781520180.047794000,d6:35:1d:9f:89:fc,ff:ff:ff:ff:ff:ff,d6:35:1d:9f:89:fc,radiotap:wlan_radio:wlan,0x0008,discovery,ap1,,0,,,,,,,0,,
track3_filtered_baseline_authorized_only.pcapng,39,1781520180.252420000,d6:35:1d:9f:89:fc,ff:ff:ff:ff:ff:ff,d6:35:1d:9f:89:fc,radiotap:wlan_radio:wlan,0x0008,discovery,ap1,,0,,,,,,,0,,
track3_filtered_baseline_authorized_only.pcapng,40,1781520180.359868000,d6:35:1d:9f:89:fc,ff:ff:ff:ff:ff:ff,d6:35:1d:9f:89:fc,radiotap:wlan_radio:wlan,0x0008,discovery,ap1,,0,,,,,,,0,,
track3_filtered_baseline_authorized_only.pcapng,41,1781520180.764441000,d6:35:1d:9f:89:fc,ff:ff:ff:ff:ff:ff,d6:35:1d:9f:89:fc,radiotap:wlan_radio:wlan,0x0008,discovery,ap1,,0,,,,,,,0,,
track3_filtered_baseline_authorized_only.pcapng,42,1781520180.969822000,d6:35:1d:9f:89:fc,ff:ff:ff:ff:ff:ff,d6:35:1d:9f:89:fc,radiotap:wlan_radio:wlan,0x0008,discovery,ap1,,0,,,,,,,0,,
track3_filtered_baseline_authorized_only.pcapng,43,1781520182.097289000,d6:35:1d:9f:89:fc,ff:ff:ff:ff:ff:ff,d6:35:1d:9f:89:fc,radiotap:wlan_radio:wlan,0x0008,discovery,ap1,,0,,,,,,,0,,
track3_filtered_baseline_authorized_only.pcapng,44,1781520182.303184000,d6:35:1d:9f:89:fc,ff:ff:ff:ff:ff:ff,d6:35:1d:9f:89:fc,radiotap:wlan_radio:wlan,0x0008,discovery,ap1,,0,,,,,,,0,,
track3_filtered_baseline_authorized_only.pcapng,45,1781520182.407824000,d6:35:1d:9f:89:fc,ff:ff:ff:ff:ff:ff,d6:35:1d:9f:89:fc,radiotap:wlan_radio:wlan,0x0008,discovery,ap1,,0,,,,,,,0,,
track3_filtered_baseline_authorized_only.pcapng,46,1781520183.143191000,32:0a:af:e3:81:b2,d6:35:1d:9f:89:fc,d6:35:1d:9f:89:fc,radiotap:wlan_radio:wlan,0x000d,other,ap1,,0,,,,,,,0,,
track3_filtered_baseline_authorized_only.pcapng,47,1781520183.427042000,d6:35:1d:9f:89:fc,ff:ff:ff:ff:ff:ff,d6:35:1d:9f:89:fc,radiotap:wlan_radio:wlan,0x0008,discovery,ap1,,0,,,,,,,0,,
track3_filtered_baseline_authorized_only.pcapng,48,1781520183.530929000,d6:35:1d:9f:89:fc,ff:ff:ff:ff:ff:ff,d6:35:1d:9f:89:fc,radiotap:wlan_radio:wlan,0x0008,discovery,ap1,,0,,,,,,,0,,
track3_filtered_baseline_authorized_only.pcapng,49,1781520183.836541000,d6:35:1d:9f:89:fc,ff:ff:ff:ff:ff:ff,d6:35:1d:9f:89:fc,radiotap:wlan_radio:wlan,0x0008,discovery,ap1,,0,,,,,,,0,,
track3_filtered_baseline_authorized_only.pcapng,50,1781520184.554048000,d6:35:1d:9f:89:fc,ff:ff:ff:ff:ff:ff,d6:35:1d:9f:89:fc,radiotap:wlan_radio:wlan,0x0008,discovery,ap1,,0,,,,,,,0,,
track3_filtered_baseline_authorized_only.pcapng,51,1781520186.296039000,d6:35:1d:9f:89:fc,ff:ff:ff:ff:ff:ff,d6:35:1d:9f:89:fc,radiotap:wlan_radio:wlan,0x0008,discovery,ap1,,0,,,,,,,0,,
track3_filtered_baseline_authorized_only.pcapng,52,1781520187.011086000,d6:35:1d:9f:89:fc,ff:ff:ff:ff:ff:ff,d6:35:1d:9f:89:fc,radiotap:wlan_radio:wlan,0x0008,discovery,ap1,,0,,,,,,,0,,
track3_filtered_baseline_authorized_only.pcapng,53,1781520187.113266000,d6:35:1d:9f:89:fc,ff:ff:ff:ff:ff:ff,d6:35:1d:9f:89:fc,radiotap:wlan_radio:wlan,0x0008,discovery,ap1,,0,,,,,,,0,,
track3_filtered_baseline_authorized_only.pcapng,54,1781520187.318122000,d6:35:1d:9f:89:fc,ff:ff:ff:ff:ff:ff,d6:35:1d:9f:89:fc,radiotap:wlan_radio:wlan,0x0008,discovery,ap1,,0,,,,,,,0,,
track3_filtered_baseline_authorized_only.pcapng,55,1781520187.420615000,d6:35:1d:9f:89:fc,ff:ff:ff:ff:ff:ff,d6:35:1d:9f:89:fc,radiotap:wlan_radio:wlan,0x0008,discovery,ap1,,0,,,,,,,0,,
track3_filtered_baseline_authorized_only.pcapng,56,1781520187.523698000,d6:35:1d:9f:89:fc,ff:ff:ff:ff:ff:ff,d6:35:1d:9f:89:fc,radiotap:wlan_radio:wlan,0x0008,discovery,ap1,,0,,,,,,,0,,
track3_filtered_baseline_authorized_only.pcapng,57,1781520187.932790000,d6:35:1d:9f:89:fc,ff:ff:ff:ff:ff:ff,d6:35:1d:9f:89:fc,radiotap:wlan_radio:wlan,0x0008,discovery,ap1,,0,,,,,,,0,,
track3_filtered_baseline_authorized_only.pcapng,58,1781520187.987727000,d6:35:1d:9f:89:fc,2a:87:b1:34:16:98,d6:35:1d:9f:89:fc,radiotap:wlan_radio:wlan,0x0005,discovery,ap1,,0,,,,,,,0,,
track3_filtered_baseline_authorized_only.pcapng,59,1781520188.036667000,d6:35:1d:9f:89:fc,ff:ff:ff:ff:ff:ff,d6:35:1d:9f:89:fc,radiotap:wlan_radio:wlan,0x0008,discovery,ap1,,0,,,,,,,0,,
track3_filtered_baseline_authorized_only.pcapng,60,1781520192.032757000,d6:35:1d:9f:89:fc,70:c9:32:db:39:9c,d6:35:1d:9f:89:fc,radiotap:wlan_radio:wlan,0x000d,other,ap1,,0,,,,,,,0,,
track3_filtered_baseline_authorized_only.pcapng,61,1781520192.103898000,d6:35:1d:9f:89:fc,70:c9:32:db:39:9c,d6:35:1d:9f:89:fc,radiotap:wlan_radio:wlan,0x0005,discovery,ap1,,0,,,,,,,0,,
track3_filtered_baseline_authorized_only.pcapng,62,1781520192.140941000,70:c9:32:db:39:9c,d6:35:1d:9f:89:fc,d6:35:1d:9f:89:fc,radiotap:wlan_radio:wlan,0x000d,other,ap1,,0,,,,,,,0,,
track3_filtered_baseline_authorized_only.pcapng,63,1781520192.644034000,d6:35:1d:9f:89:fc,ff:ff:ff:ff:ff:ff,d6:35:1d:9f:89:fc,radiotap:wlan_radio:wlan,0x0008,discovery,ap1,,0,,,,,,,0,,
track3_filtered_baseline_authorized_only.pcapng,64,1781520192.848456000,d6:35:1d:9f:89:fc,ff:ff:ff:ff:ff:ff,d6:35:1d:9f:89:fc,radiotap:wlan_radio:wlan,0x0008,discovery,ap1,,0,,,,,,,0,,
track3_filtered_baseline_authorized_only.pcapng,65,1781520193.667111000,d6:35:1d:9f:89:fc,ff:ff:ff:ff:ff:ff,d6:35:1d:9f:89:fc,radiotap:wlan_radio:wlan,0x0008,discovery,ap1,,0,,,,,,,0,,
track3_filtered_baseline_authorized_only.pcapng,66,1781520193.974862000,d6:35:1d:9f:89:fc,ff:ff:ff:ff:ff:ff,d6:35:1d:9f:89:fc,radiotap:wlan_radio:wlan,0x0008,discovery,ap1,,0,,,,,,,0,,
track3_filtered_baseline_authorized_only.pcapng,67,1781520194.181628000,d6:35:1d:9f:89:fc,ff:ff:ff:ff:ff:ff,d6:35:1d:9f:89:fc,radiotap:wlan_radio:wlan,0x0008,discovery,ap1,,0,,,,,,,0,,
track3_filtered_baseline_authorized_only.pcapng,68,1781520194.283057000,d6:35:1d:9f:89:fc,ff:ff:ff:ff:ff:ff,d6:35:1d:9f:89:fc,radiotap:wlan_radio:wlan,0x0008,discovery,ap1,,0,,,,,,,0,,
track3_filtered_baseline_authorized_only.pcapng,69,1781520194.793690000,d6:35:1d:9f:89:fc,ff:ff:ff:ff:ff:ff,d6:35:1d:9f:89:fc,radiotap:wlan_radio:wlan,0x0008,discovery,ap1,,0,,,,,,,0,,
track3_filtered_baseline_authorized_only.pcapng,70,1781520194.999788000,d6:35:1d:9f:89:fc,ff:ff:ff:ff:ff:ff,d6:35:1d:9f:89:fc,radiotap:wlan_radio:wlan,0x0008,discovery,ap1,,0,,,,,,,0,,
track3_filtered_baseline_authorized_only.pcapng,71,1781520195.101881000,d6:35:1d:9f:89:fc,ff:ff:ff:ff:ff:ff,d6:35:1d:9f:89:fc,radiotap:wlan_radio:wlan,0x0008,discovery,ap1,,0,,,,,,,0,,
track3_filtered_baseline_authorized_only.pcapng,72,1781520195.305608000,d6:35:1d:9f:89:fc,ff:ff:ff:ff:ff:ff,d6:35:1d:9f:89:fc,radiotap:wlan_radio:wlan,0x0008,discovery,ap1,,0,,,,,,,0,,
track3_filtered_baseline_authorized_only.pcapng,73,1781520195.409865000,d6:35:1d:9f:89:fc,ff:ff:ff:ff:ff:ff,d6:35:1d:9f:89:fc,radiotap:wlan_radio:wlan,0x0008,discovery,ap1,,0,,,,,,,0,,
track3_filtered_baseline_authorized_only.pcapng,74,1781520195.612635000,d6:35:1d:9f:89:fc,ff:ff:ff:ff:ff:ff,d6:35:1d:9f:89:fc,radiotap:wlan_radio:wlan,0x0008,discovery,ap1,,0,,,,,,,0,,
track3_filtered_baseline_authorized_only.pcapng,75,1781520195.715881000,d6:35:1d:9f:89:fc,ff:ff:ff:ff:ff:ff,d6:35:1d:9f:89:fc,radiotap:wlan_radio:wlan,0x0008,discovery,ap1,,0,,,,,,,0,,
track3_filtered_baseline_authorized_only.pcapng,76,1781520195.919855000,d6:35:1d:9f:89:fc,ff:ff:ff:ff:ff:ff,d6:35:1d:9f:89:fc,radiotap:wlan_radio:wlan,0x0008,discovery,ap1,,0,,,,,,,0,,
track3_filtered_baseline_authorized_only.pcapng,77,1781520196.124944000,d6:35:1d:9f:89:fc,ff:ff:ff:ff:ff:ff,d6:35:1d:9f:89:fc,radiotap:wlan_radio:wlan,0x0008,discovery,ap1,,0,,,,,,,0,,
track3_filtered_baseline_authorized_only.pcapng,78,1781520196.330369000,d6:35:1d:9f:89:fc,ff:ff:ff:ff:ff:ff,d6:35:1d:9f:89:fc,radiotap:wlan_radio:wlan,0x0008,discovery,ap1,,0,,,,,,,0,,
track3_filtered_baseline_authorized_only.pcapng,79,1781520196.432068000,d6:35:1d:9f:89:fc,ff:ff:ff:ff:ff:ff,d6:35:1d:9f:89:fc,radiotap:wlan_radio:wlan,0x0008,discovery,ap1,,0,,,,,,,0,,
track3_filtered_baseline_authorized_only.pcapng,80,1781520196.534906000,d6:35:1d:9f:89:fc,ff:ff:ff:ff:ff:ff,d6:35:1d:9f:89:fc,radiotap:wlan_radio:wlan,0x0008,discovery,ap1,,0,,,,,,,0,,
track3_filtered_baseline_authorized_only.pcapng,81,1781520196.842212000,d6:35:1d:9f:89:fc,ff:ff:ff:ff:ff:ff,d6:35:1d:9f:89:fc,radiotap:wlan_radio:wlan,0x0008,discovery,ap1,,0,,,,,,,0,,
track3_filtered_baseline_authorized_only.pcapng,82,1781520196.946819000,d6:35:1d:9f:89:fc,ff:ff:ff:ff:ff:ff,d6:35:1d:9f:89:fc,radiotap:wlan_radio:wlan,0x0008,discovery,ap1,,0,,,,,,,0,,
track3_filtered_baseline_authorized_only.pcapng,83,1781520197.252012000,d6:35:1d:9f:89:fc,ff:ff:ff:ff:ff:ff,d6:35:1d:9f:89:fc,radiotap:wlan_radio:wlan,0x0008,discovery,ap1,,0,,,,,,,0,,
track3_filtered_baseline_authorized_only.pcapng,84,1781520197.354966000,d6:35:1d:9f:89:fc,ff:ff:ff:ff:ff:ff,d6:35:1d:9f:89:fc,radiotap:wlan_radio:wlan,0x0008,discovery,ap1,,0,,,,,,,0,,
track3_filtered_modified_authorized_only.pcapng,1,1781520222.009810000,c8:3a:35:c2:e0:b7,ff:ff:ff:ff:ff:ff,c8:3a:35:c2:e0:b7,radiotap:wlan_radio:wlan,0x0008,discovery,ap2,,0,,,,,,,0,,
track3_filtered_modified_authorized_only.pcapng,2,1781520222.113065000,c8:3a:35:c2:e0:b7,ff:ff:ff:ff:ff:ff,c8:3a:35:c2:e0:b7,radiotap:wlan_radio:wlan,0x0008,discovery,ap2,,0,,,,,,,0,,
track3_filtered_modified_authorized_only.pcapng,3,1781520222.215127000,c8:3a:35:c2:e0:b7,ff:ff:ff:ff:ff:ff,c8:3a:35:c2:e0:b7,radiotap:wlan_radio:wlan,0x0008,discovery,ap2,,0,,,,,,,0,,
track3_filtered_modified_authorized_only.pcapng,4,1781520222.239427000,d6:35:1d:9f:89:fc,ff:ff:ff:ff:ff:ff,d6:35:1d:9f:89:fc,radiotap:wlan_radio:wlan,0x0008,discovery,ap1,,0,,,,,,,0,,
track3_filtered_modified_authorized_only.pcapng,5,1781520222.315696000,c8:3a:35:c2:e0:b7,ff:ff:ff:ff:ff:ff,c8:3a:35:c2:e0:b7,radiotap:wlan_radio:wlan,0x0008,discovery,ap2,,0,,,,,,,0,,
track3_filtered_modified_authorized_only.pcapng,6,1781520222.423073000,c8:3a:35:c2:e0:b7,ff:ff:ff:ff:ff:ff,c8:3a:35:c2:e0:b7,radiotap:wlan_radio:wlan,0x0008,discovery,ap2,,0,,,,,,,0,,
track3_filtered_modified_authorized_only.pcapng,7,1781520222.444160000,d6:35:1d:9f:89:fc,ff:ff:ff:ff:ff:ff,d6:35:1d:9f:89:fc,radiotap:wlan_radio:wlan,0x0008,discovery,ap1,,0,,,,,,,0,,
track3_filtered_modified_authorized_only.pcapng,8,1781520222.522262000,c8:3a:35:c2:e0:b7,ff:ff:ff:ff:ff:ff,c8:3a:35:c2:e0:b7,radiotap:wlan_radio:wlan,0x0008,discovery,ap2,,0,,,,,,,0,,
track3_filtered_modified_authorized_only.pcapng,9,1781520222.623870000,c8:3a:35:c2:e0:b7,ff:ff:ff:ff:ff:ff,c8:3a:35:c2:e0:b7,radiotap:wlan_radio:wlan,0x0008,discovery,ap2,,0,,,,,,,0,,
track3_filtered_modified_authorized_only.pcapng,10,1781520222.647014000,d6:35:1d:9f:89:fc,ff:ff:ff:ff:ff:ff,d6:35:1d:9f:89:fc,radiotap:wlan_radio:wlan,0x0008,discovery,ap1,,0,,,,,,,0,,
track3_filtered_modified_authorized_only.pcapng,11,1781520222.727443000,c8:3a:35:c2:e0:b7,ff:ff:ff:ff:ff:ff,c8:3a:35:c2:e0:b7,radiotap:wlan_radio:wlan,0x0008,discovery,ap2,,0,,,,,,,0,,
track3_filtered_modified_authorized_only.pcapng,12,1781520222.830874000,c8:3a:35:c2:e0:b7,ff:ff:ff:ff:ff:ff,c8:3a:35:c2:e0:b7,radiotap:wlan_radio:wlan,0x0008,discovery,ap2,,0,,,,,,,0,,
track3_filtered_modified_authorized_only.pcapng,13,1781520222.930273000,c8:3a:35:c2:e0:b7,ff:ff:ff:ff:ff:ff,c8:3a:35:c2:e0:b7,radiotap:wlan_radio:wlan,0x0008,discovery,ap2,,0,,,,,,,0,,
track3_filtered_modified_authorized_only.pcapng,14,1781520223.034041000,c8:3a:35:c2:e0:b7,ff:ff:ff:ff:ff:ff,c8:3a:35:c2:e0:b7,radiotap:wlan_radio:wlan,0x0008,discovery,ap2,,0,,,,,,,0,,
track3_filtered_modified_authorized_only.pcapng,15,1781520223.134854000,c8:3a:35:c2:e0:b7,ff:ff:ff:ff:ff:ff,c8:3a:35:c2:e0:b7,radiotap:wlan_radio:wlan,0x0008,discovery,ap2,,0,,,,,,,0,,
track3_filtered_modified_authorized_only.pcapng,16,1781520223.237210000,c8:3a:35:c2:e0:b7,ff:ff:ff:ff:ff:ff,c8:3a:35:c2:e0:b7,radiotap:wlan_radio:wlan,0x0008,discovery,ap2,,0,,,,,,,0,,
track3_filtered_modified_authorized_only.pcapng,17,1781520223.273027000,d6:35:1d:9f:89:fc,ff:ff:ff:ff:ff:ff,d6:35:1d:9f:89:fc,radiotap:wlan_radio:wlan,0x0008,discovery,ap1,,0,,,,,,,0,,
track3_filtered_modified_authorized_only.pcapng,18,1781520223.342136000,c8:3a:35:c2:e0:b7,ff:ff:ff:ff:ff:ff,c8:3a:35:c2:e0:b7,radiotap:wlan_radio:wlan,0x0008,discovery,ap2,,0,,,,,,,0,,
track3_filtered_modified_authorized_only.pcapng,19,1781520223.368231000,d6:35:1d:9f:89:fc,ff:ff:ff:ff:ff:ff,d6:35:1d:9f:89:fc,radiotap:wlan_radio:wlan,0x0008,discovery,ap1,,0,,,,,,,0,,
track3_filtered_modified_authorized_only.pcapng,20,1781520223.442937000,c8:3a:35:c2:e0:b7,ff:ff:ff:ff:ff:ff,c8:3a:35:c2:e0:b7,radiotap:wlan_radio:wlan,0x0008,discovery,ap2,,0,,,,,,,0,,
track3_filtered_modified_authorized_only.pcapng,21,1781520223.467200000,d6:35:1d:9f:89:fc,ff:ff:ff:ff:ff:ff,d6:35:1d:9f:89:fc,radiotap:wlan_radio:wlan,0x0008,discovery,ap1,,0,,,,,,,0,,
track3_filtered_modified_authorized_only.pcapng,22,1781520223.545050000,c8:3a:35:c2:e0:b7,ff:ff:ff:ff:ff:ff,c8:3a:35:c2:e0:b7,radiotap:wlan_radio:wlan,0x0008,discovery,ap2,,0,,,,,,,0,,
track3_filtered_modified_authorized_only.pcapng,23,1781520223.647639000,c8:3a:35:c2:e0:b7,ff:ff:ff:ff:ff:ff,c8:3a:35:c2:e0:b7,radiotap:wlan_radio:wlan,0x0008,discovery,ap2,,0,,,,,,,0,,
track3_filtered_modified_authorized_only.pcapng,24,1781520223.671670000,d6:35:1d:9f:89:fc,ff:ff:ff:ff:ff:ff,d6:35:1d:9f:89:fc,radiotap:wlan_radio:wlan,0x0008,discovery,ap1,,0,,,,,,,0,,
track3_filtered_modified_authorized_only.pcapng,25,1781520223.751765000,c8:3a:35:c2:e0:b7,ff:ff:ff:ff:ff:ff,c8:3a:35:c2:e0:b7,radiotap:wlan_radio:wlan,0x0008,discovery,ap2,,0,,,,,,,0,,
track3_filtered_modified_authorized_only.pcapng,26,1781520223.853744000,c8:3a:35:c2:e0:b7,ff:ff:ff:ff:ff:ff,c8:3a:35:c2:e0:b7,radiotap:wlan_radio:wlan,0x0008,discovery,ap2,,0,,,,,,,0,,
track3_filtered_modified_authorized_only.pcapng,27,1781520223.960985000,c8:3a:35:c2:e0:b7,ff:ff:ff:ff:ff:ff,c8:3a:35:c2:e0:b7,radiotap:wlan_radio:wlan,0x0008,discovery,ap2,,0,,,,,,,0,,
track3_filtered_modified_authorized_only.pcapng,28,1781520224.060086000,c8:3a:35:c2:e0:b7,ff:ff:ff:ff:ff:ff,c8:3a:35:c2:e0:b7,radiotap:wlan_radio:wlan,0x0008,discovery,ap2,,0,,,,,,,0,,
track3_filtered_modified_authorized_only.pcapng,29,1781520224.161016000,c8:3a:35:c2:e0:b7,ff:ff:ff:ff:ff:ff,c8:3a:35:c2:e0:b7,radiotap:wlan_radio:wlan,0x0008,discovery,ap2,,0,,,,,,,0,,
track3_filtered_modified_authorized_only.pcapng,30,1781520224.183924000,d6:35:1d:9f:89:fc,ff:ff:ff:ff:ff:ff,d6:35:1d:9f:89:fc,radiotap:wlan_radio:wlan,0x0008,discovery,ap1,,0,,,,,,,0,,
track3_filtered_modified_authorized_only.pcapng,31,1781520224.262740000,c8:3a:35:c2:e0:b7,ff:ff:ff:ff:ff:ff,c8:3a:35:c2:e0:b7,radiotap:wlan_radio:wlan,0x0008,discovery,ap2,,0,,,,,,,0,,
track3_filtered_modified_authorized_only.pcapng,32,1781520224.278900000,c8:3a:35:c2:e0:b7,a8:10:87:70:cc:53,c8:3a:35:c2:e0:b7,radiotap:wlan_radio:wlan,0x0005,discovery,ap2,,0,,,,,,,0,,
track3_filtered_modified_authorized_only.pcapng,33,1781520224.365067000,c8:3a:35:c2:e0:b7,ff:ff:ff:ff:ff:ff,c8:3a:35:c2:e0:b7,radiotap:wlan_radio:wlan,0x0008,discovery,ap2,,0,,,,,,,0,,
track3_filtered_modified_authorized_only.pcapng,34,1781520224.466991000,c8:3a:35:c2:e0:b7,ff:ff:ff:ff:ff:ff,c8:3a:35:c2:e0:b7,radiotap:wlan_radio:wlan,0x0008,discovery,ap2,,0,,,,,,,0,,
track3_filtered_modified_authorized_only.pcapng,35,1781520224.569054000,c8:3a:35:c2:e0:b7,ff:ff:ff:ff:ff:ff,c8:3a:35:c2:e0:b7,radiotap:wlan_radio:wlan,0x0008,discovery,ap2,,0,,,,,,,0,,
track3_filtered_modified_authorized_only.pcapng,36,1781520224.676295000,c8:3a:35:c2:e0:b7,ff:ff:ff:ff:ff:ff,c8:3a:35:c2:e0:b7,radiotap:wlan_radio:wlan,0x0008,discovery,ap2,,0,,,,,,,0,,
track3_filtered_modified_authorized_only.pcapng,37,1781520224.774283000,c8:3a:35:c2:e0:b7,ff:ff:ff:ff:ff:ff,c8:3a:35:c2:e0:b7,radiotap:wlan_radio:wlan,0x0008,discovery,ap2,,0,,,,,,,0,,
track3_filtered_modified_authorized_only.pcapng,38,1781520224.877819000,c8:3a:35:c2:e0:b7,ff:ff:ff:ff:ff:ff,c8:3a:35:c2:e0:b7,radiotap:wlan_radio:wlan,0x0008,discovery,ap2,,0,,,,,,,0,,
track3_filtered_modified_authorized_only.pcapng,39,1781520224.900931000,d6:35:1d:9f:89:fc,ff:ff:ff:ff:ff:ff,d6:35:1d:9f:89:fc,radiotap:wlan_radio:wlan,0x0008,discovery,ap1,,0,,,,,,,0,,
track3_filtered_modified_authorized_only.pcapng,40,1781520224.981081000,c8:3a:35:c2:e0:b7,ff:ff:ff:ff:ff:ff,c8:3a:35:c2:e0:b7,radiotap:wlan_radio:wlan,0x0008,discovery,ap2,,0,,,,,,,0,,
track3_filtered_modified_authorized_only.pcapng,41,1781520225.081954000,c8:3a:35:c2:e0:b7,ff:ff:ff:ff:ff:ff,c8:3a:35:c2:e0:b7,radiotap:wlan_radio:wlan,0x0008,discovery,ap2,,0,,,,,,,0,,
track3_filtered_modified_authorized_only.pcapng,42,1781520225.106502000,d6:35:1d:9f:89:fc,ff:ff:ff:ff:ff:ff,d6:35:1d:9f:89:fc,radiotap:wlan_radio:wlan,0x0008,discovery,ap1,,0,,,,,,,0,,
track3_filtered_modified_authorized_only.pcapng,43,1781520225.184287000,c8:3a:35:c2:e0:b7,ff:ff:ff:ff:ff:ff,c8:3a:35:c2:e0:b7,radiotap:wlan_radio:wlan,0x0008,discovery,ap2,,0,,,,,,,0,,
track3_filtered_modified_authorized_only.pcapng,44,1781520225.286032000,c8:3a:35:c2:e0:b7,ff:ff:ff:ff:ff:ff,c8:3a:35:c2:e0:b7,radiotap:wlan_radio:wlan,0x0008,discovery,ap2,,0,,,,,,,0,,
track3_filtered_modified_authorized_only.pcapng,45,1781520225.397976000,c8:3a:35:c2:e0:b7,ff:ff:ff:ff:ff:ff,c8:3a:35:c2:e0:b7,radiotap:wlan_radio:wlan,0x0008,discovery,ap2,,0,,,,,,,0,,
track3_filtered_modified_authorized_only.pcapng,46,1781520225.415298000,d6:35:1d:9f:89:fc,ff:ff:ff:ff:ff:ff,d6:35:1d:9f:89:fc,radiotap:wlan_radio:wlan,0x0008,discovery,ap1,,0,,,,,,,0,,
track3_filtered_modified_authorized_only.pcapng,47,1781520225.492147000,c8:3a:35:c2:e0:b7,ff:ff:ff:ff:ff:ff,c8:3a:35:c2:e0:b7,radiotap:wlan_radio:wlan,0x0008,discovery,ap2,,0,,,,,,,0,,
track3_filtered_modified_authorized_only.pcapng,48,1781520225.530305000,d6:35:1d:9f:89:fc,ff:ff:ff:ff:ff:ff,d6:35:1d:9f:89:fc,radiotap:wlan_radio:wlan,0x0008,discovery,ap1,,0,,,,,,,0,,
track3_filtered_modified_authorized_only.pcapng,49,1781520225.593935000,c8:3a:35:c2:e0:b7,ff:ff:ff:ff:ff:ff,c8:3a:35:c2:e0:b7,radiotap:wlan_radio:wlan,0x0008,discovery,ap2,,0,,,,,,,0,,
track3_filtered_modified_authorized_only.pcapng,50,1781520225.697455000,c8:3a:35:c2:e0:b7,ff:ff:ff:ff:ff:ff,c8:3a:35:c2:e0:b7,radiotap:wlan_radio:wlan,0x0008,discovery,ap2,,0,,,,,,,0,,
track3_filtered_modified_authorized_only.pcapng,51,1781520225.721301000,d6:35:1d:9f:89:fc,ff:ff:ff:ff:ff:ff,d6:35:1d:9f:89:fc,radiotap:wlan_radio:wlan,0x0008,discovery,ap1,,0,,,,,,,0,,
track3_filtered_modified_authorized_only.pcapng,52,1781520225.797530000,c8:3a:35:c2:e0:b7,ff:ff:ff:ff:ff:ff,c8:3a:35:c2:e0:b7,radiotap:wlan_radio:wlan,0x0008,discovery,ap2,,0,,,,,,,0,,
track3_filtered_modified_authorized_only.pcapng,53,1781520225.908133000,c8:3a:35:c2:e0:b7,ff:ff:ff:ff:ff:ff,c8:3a:35:c2:e0:b7,radiotap:wlan_radio:wlan,0x0008,discovery,ap2,,0,,,,,,,0,,
track3_filtered_modified_authorized_only.pcapng,54,1781520225.924260000,d6:35:1d:9f:89:fc,ff:ff:ff:ff:ff:ff,d6:35:1d:9f:89:fc,radiotap:wlan_radio:wlan,0x0008,discovery,ap1,,0,,,,,,,0,,
track3_filtered_modified_authorized_only.pcapng,55,1781520226.002252000,c8:3a:35:c2:e0:b7,ff:ff:ff:ff:ff:ff,c8:3a:35:c2:e0:b7,radiotap:wlan_radio:wlan,0x0008,discovery,ap2,,0,,,,,,,0,,
track3_filtered_modified_authorized_only.pcapng,56,1781520226.104408000,c8:3a:35:c2:e0:b7,ff:ff:ff:ff:ff:ff,c8:3a:35:c2:e0:b7,radiotap:wlan_radio:wlan,0x0008,discovery,ap2,,0,,,,,,,0,,
track3_filtered_modified_authorized_only.pcapng,57,1781520226.130001000,d6:35:1d:9f:89:fc,ff:ff:ff:ff:ff:ff,d6:35:1d:9f:89:fc,radiotap:wlan_radio:wlan,0x0008,discovery,ap1,,0,,,,,,,0,,
track3_filtered_modified_authorized_only.pcapng,58,1781520226.208082000,c8:3a:35:c2:e0:b7,ff:ff:ff:ff:ff:ff,c8:3a:35:c2:e0:b7,radiotap:wlan_radio:wlan,0x0008,discovery,ap2,,0,,,,,,,0,,
track3_filtered_modified_authorized_only.pcapng,59,1781520226.311662000,c8:3a:35:c2:e0:b7,ff:ff:ff:ff:ff:ff,c8:3a:35:c2:e0:b7,radiotap:wlan_radio:wlan,0x0008,discovery,ap2,,0,,,,,,,0,,
track3_filtered_modified_authorized_only.pcapng,60,1781520226.411717000,c8:3a:35:c2:e0:b7,ff:ff:ff:ff:ff:ff,c8:3a:35:c2:e0:b7,radiotap:wlan_radio:wlan,0x0008,discovery,ap2,,0,,,,,,,0,,
track3_filtered_modified_authorized_only.pcapng,61,1781520226.453386000,c8:3a:35:c2:e0:b7,aa:fe:2b:1e:66:eb,c8:3a:35:c2:e0:b7,radiotap:wlan_radio:wlan,0x0005,discovery,ap2,,0,,,,,,,0,,
track3_filtered_modified_authorized_only.pcapng,62,1781520226.516533000,c8:3a:35:c2:e0:b7,ff:ff:ff:ff:ff:ff,c8:3a:35:c2:e0:b7,radiotap:wlan_radio:wlan,0x0008,discovery,ap2,,0,,,,,,,0,,
track3_filtered_modified_authorized_only.pcapng,63,1781520226.542171000,d6:35:1d:9f:89:fc,ff:ff:ff:ff:ff:ff,d6:35:1d:9f:89:fc,radiotap:wlan_radio:wlan,0x0008,discovery,ap1,,0,,,,,,,0,,
track3_filtered_modified_authorized_only.pcapng,64,1781520226.616664000,c8:3a:35:c2:e0:b7,ff:ff:ff:ff:ff:ff,c8:3a:35:c2:e0:b7,radiotap:wlan_radio:wlan,0x0008,discovery,ap2,,0,,,,,,,0,,
track3_filtered_modified_authorized_only.pcapng,65,1781520226.721806000,c8:3a:35:c2:e0:b7,ff:ff:ff:ff:ff:ff,c8:3a:35:c2:e0:b7,radiotap:wlan_radio:wlan,0x0008,discovery,ap2,,0,,,,,,,0,,
track3_filtered_modified_authorized_only.pcapng,66,1781520226.808030000,32:0a:af:e3:81:b2,ff:ff:ff:ff:ff:ff,ff:ff:ff:ff:ff:ff,radiotap:wlan_radio:wlan,0x0004,discovery,unknown,,0,,,,,,,0,,
track3_filtered_modified_authorized_only.pcapng,67,1781520226.821510000,c8:3a:35:c2:e0:b7,ff:ff:ff:ff:ff:ff,c8:3a:35:c2:e0:b7,radiotap:wlan_radio:wlan,0x0008,discovery,ap2,,0,,,,,,,0,,
track3_filtered_modified_authorized_only.pcapng,68,1781520226.887689000,32:0a:af:e3:81:b2,c8:3a:35:c2:e0:b7,c8:3a:35:c2:e0:b7,radiotap:wlan_radio:wlan,0x000b,auth_assoc,ap2,,0,,,,,,,0,,
track3_filtered_modified_authorized_only.pcapng,69,1781520226.890770000,32:0a:af:e3:81:b2,c8:3a:35:c2:e0:b7,c8:3a:35:c2:e0:b7,radiotap:wlan_radio:wlan,0x000b,auth_assoc,ap2,,0,,,,,,,0,,
track3_filtered_modified_authorized_only.pcapng,70,1781520226.893542000,c8:3a:35:c2:e0:b7,32:0a:af:e3:81:b2,c8:3a:35:c2:e0:b7,radiotap:wlan_radio:wlan,0x000b,auth_assoc,ap2,,0,,,,,,,0,,
track3_filtered_modified_authorized_only.pcapng,71,1781520226.919994000,32:0a:af:e3:81:b2,c8:3a:35:c2:e0:b7,c8:3a:35:c2:e0:b7,radiotap:wlan_radio:wlan,0x0000,auth_assoc,ap2,,0,,,,,,,0,,
track3_filtered_modified_authorized_only.pcapng,72,1781520226.921870000,32:0a:af:e3:81:b2,c8:3a:35:c2:e0:b7,c8:3a:35:c2:e0:b7,radiotap:wlan_radio:wlan,0x0000,auth_assoc,ap2,,0,,,,,,,0,,
track3_filtered_modified_authorized_only.pcapng,73,1781520226.923809000,c8:3a:35:c2:e0:b7,ff:ff:ff:ff:ff:ff,c8:3a:35:c2:e0:b7,radiotap:wlan_radio:wlan,0x0008,discovery,ap2,,0,,,,,,,0,,
track3_filtered_modified_authorized_only.pcapng,74,1781520226.945361000,c8:3a:35:c2:e0:b7,32:0a:af:e3:81:b2,c8:3a:35:c2:e0:b7,radiotap:wlan_radio:wlan,0x0001,auth_assoc,ap2,,0,,,,,,,0,,
track3_filtered_modified_authorized_only.pcapng,75,1781520226.988866000,c8:3a:35:c2:e0:b7,32:0a:af:e3:81:b2,c8:3a:35:c2:e0:b7,radiotap:wlan_radio:wlan:llc:eapol,0x0028,key_exchange,ap2,,0,,,,,,,1,,1
track3_filtered_modified_authorized_only.pcapng,76,1781520226.988871000,32:0a:af:e3:81:b2,c8:3a:35:c2:e0:b7,c8:3a:35:c2:e0:b7,radiotap:wlan_radio:wlan:llc:eapol,0x0028,key_exchange,ap2,,0,,,,,,,1,,1
track3_filtered_modified_authorized_only.pcapng,77,1781520226.994810000,c8:3a:35:c2:e0:b7,32:0a:af:e3:81:b2,c8:3a:35:c2:e0:b7,radiotap:wlan_radio:wlan:llc:eapol,0x0028,key_exchange,ap2,,0,,,,,,,1,,2
track3_filtered_modified_authorized_only.pcapng,78,1781520226.997114000,32:0a:af:e3:81:b2,c8:3a:35:c2:e0:b7,c8:3a:35:c2:e0:b7,radiotap:wlan_radio:wlan:llc:eapol,0x0028,key_exchange,ap2,,0,,,,,,,1,,2
track3_filtered_modified_authorized_only.pcapng,79,1781520227.029086000,c8:3a:35:c2:e0:b7,ff:ff:ff:ff:ff:ff,c8:3a:35:c2:e0:b7,radiotap:wlan_radio:wlan,0x0008,discovery,ap2,,0,,,,,,,0,,
track3_filtered_modified_authorized_only.pcapng,80,1781520227.128657000,c8:3a:35:c2:e0:b7,ff:ff:ff:ff:ff:ff,c8:3a:35:c2:e0:b7,radiotap:wlan_radio:wlan,0x0008,discovery,ap2,,0,,,,,,,0,,
track3_filtered_modified_authorized_only.pcapng,81,1781520227.231290000,c8:3a:35:c2:e0:b7,ff:ff:ff:ff:ff:ff,c8:3a:35:c2:e0:b7,radiotap:wlan_radio:wlan,0x0008,discovery,ap2,,0,,,,,,,0,,
track3_filtered_modified_authorized_only.pcapng,82,1781520227.335905000,c8:3a:35:c2:e0:b7,ff:ff:ff:ff:ff:ff,c8:3a:35:c2:e0:b7,radiotap:wlan_radio:wlan,0x0008,discovery,ap2,,0,,,,,,,0,,
track3_filtered_modified_authorized_only.pcapng,83,1781520227.363105000,32:0a:af:e3:81:b2,ff:ff:ff:ff:ff:ff,ff:ff:ff:ff:ff:ff,radiotap:wlan_radio:wlan,0x0004,discovery,unknown,,0,,,,,,,0,,
track3_filtered_modified_authorized_only.pcapng,84,1781520227.376052000,32:0a:af:e3:81:b2,ff:ff:ff:ff:ff:ff,ff:ff:ff:ff:ff:ff,radiotap:wlan_radio:wlan,0x0004,discovery,unknown,,0,,,,,,,0,,
track3_filtered_modified_authorized_only.pcapng,85,1781520227.379550000,c8:3a:35:c2:e0:b7,32:0a:af:e3:81:b2,c8:3a:35:c2:e0:b7,radiotap:wlan_radio:wlan,0x0005,discovery,ap2,,0,,,,,,,0,,
track3_filtered_modified_authorized_only.pcapng,86,1781520227.380751000,c8:3a:35:c2:e0:b7,32:0a:af:e3:81:b2,c8:3a:35:c2:e0:b7,radiotap:wlan_radio:wlan,0x0005,discovery,ap2,,0,,,,,,,0,,
track3_filtered_modified_authorized_only.pcapng,87,1781520227.384817000,c8:3a:35:c2:e0:b7,32:0a:af:e3:81:b2,c8:3a:35:c2:e0:b7,radiotap:wlan_radio:wlan,0x0005,discovery,ap2,,0,,,,,,,0,,
track3_filtered_modified_authorized_only.pcapng,88,1781520227.386261000,c8:3a:35:c2:e0:b7,32:0a:af:e3:81:b2,c8:3a:35:c2:e0:b7,radiotap:wlan_radio:wlan,0x0005,discovery,ap2,,0,,,,,,,0,,
track3_filtered_modified_authorized_only.pcapng,89,1781520227.393114000,c8:3a:35:c2:e0:b7,32:0a:af:e3:81:b2,c8:3a:35:c2:e0:b7,radiotap:wlan_radio:wlan,0x0005,discovery,ap2,,0,,,,,,,0,,
track3_filtered_modified_authorized_only.pcapng,90,1781520227.394366000,c8:3a:35:c2:e0:b7,32:0a:af:e3:81:b2,c8:3a:35:c2:e0:b7,radiotap:wlan_radio:wlan,0x0005,discovery,ap2,,0,,,,,,,0,,
track3_filtered_modified_authorized_only.pcapng,91,1781520227.395661000,c8:3a:35:c2:e0:b7,32:0a:af:e3:81:b2,c8:3a:35:c2:e0:b7,radiotap:wlan_radio:wlan,0x0005,discovery,ap2,,0,,,,,,,0,,
track3_filtered_modified_authorized_only.pcapng,92,1781520227.398634000,c8:3a:35:c2:e0:b7,32:0a:af:e3:81:b2,c8:3a:35:c2:e0:b7,radiotap:wlan_radio:wlan,0x0005,discovery,ap2,,0,,,,,,,0,,
track3_filtered_modified_authorized_only.pcapng,93,1781520227.436405000,c8:3a:35:c2:e0:b7,ff:ff:ff:ff:ff:ff,c8:3a:35:c2:e0:b7,radiotap:wlan_radio:wlan,0x0008,discovery,ap2,,0,,,,,,,0,,
track3_filtered_modified_authorized_only.pcapng,94,1781520227.538654000,c8:3a:35:c2:e0:b7,ff:ff:ff:ff:ff:ff,c8:3a:35:c2:e0:b7,radiotap:wlan_radio:wlan,0x0008,discovery,ap2,,0,,,,,,,0,,
track3_filtered_modified_authorized_only.pcapng,95,1781520227.585019000,32:0a:af:e3:81:b2,ff:ff:ff:ff:ff:ff,ff:ff:ff:ff:ff:ff,radiotap:wlan_radio:wlan,0x0004,discovery,unknown,,0,,,,,,,0,,
track3_filtered_modified_authorized_only.pcapng,96,1781520227.589961000,32:0a:af:e3:81:b2,ff:ff:ff:ff:ff:ff,ff:ff:ff:ff:ff:ff,radiotap:wlan_radio:wlan,0x0004,discovery,unknown,,0,,,,,,,0,,
track3_filtered_modified_authorized_only.pcapng,97,1781520227.642491000,c8:3a:35:c2:e0:b7,ff:ff:ff:ff:ff:ff,c8:3a:35:c2:e0:b7,radiotap:wlan_radio:wlan,0x0008,discovery,ap2,,0,,,,,,,0,,
track3_filtered_modified_authorized_only.pcapng,98,1781520227.694953000,32:0a:af:e3:81:b2,ff:ff:ff:ff:ff:ff,ff:ff:ff:ff:ff:ff,radiotap:wlan_radio:wlan,0x0004,discovery,unknown,,0,,,,,,,0,,
track3_filtered_modified_authorized_only.pcapng,99,1781520227.746482000,c8:3a:35:c2:e0:b7,ff:ff:ff:ff:ff:ff,c8:3a:35:c2:e0:b7,radiotap:wlan_radio:wlan,0x0008,discovery,ap2,,0,,,,,,,0,,
track3_filtered_modified_authorized_only.pcapng,100,1781520227.849912000,c8:3a:35:c2:e0:b7,ff:ff:ff:ff:ff:ff,c8:3a:35:c2:e0:b7,radiotap:wlan_radio:wlan,0x0008,discovery,ap2,,0,,,,,,,0,,
track3_filtered_modified_authorized_only.pcapng,101,1781520227.949647000,c8:3a:35:c2:e0:b7,ff:ff:ff:ff:ff:ff,c8:3a:35:c2:e0:b7,radiotap:wlan_radio:wlan,0x0008,discovery,ap2,,0,,,,,,,0,,
track3_filtered_modified_authorized_only.pcapng,102,1781520228.053880000,c8:3a:35:c2:e0:b7,ff:ff:ff:ff:ff:ff,c8:3a:35:c2:e0:b7,radiotap:wlan_radio:wlan,0x0008,discovery,ap2,,0,,,,,,,0,,
track3_filtered_modified_authorized_only.pcapng,103,1781520228.152681000,c8:3a:35:c2:e0:b7,ff:ff:ff:ff:ff:ff,c8:3a:35:c2:e0:b7,radiotap:wlan_radio:wlan,0x0008,discovery,ap2,,0,,,,,,,0,,
track3_filtered_modified_authorized_only.pcapng,104,1781520228.258950000,c8:3a:35:c2:e0:b7,ff:ff:ff:ff:ff:ff,c8:3a:35:c2:e0:b7,radiotap:wlan_radio:wlan,0x0008,discovery,ap2,,0,,,,,,,0,,
track3_filtered_modified_authorized_only.pcapng,105,1781520228.360709000,c8:3a:35:c2:e0:b7,ff:ff:ff:ff:ff:ff,c8:3a:35:c2:e0:b7,radiotap:wlan_radio:wlan,0x0008,discovery,ap2,,0,,,,,,,0,,
track3_filtered_modified_authorized_only.pcapng,106,1781520228.463651000,c8:3a:35:c2:e0:b7,ff:ff:ff:ff:ff:ff,c8:3a:35:c2:e0:b7,radiotap:wlan_radio:wlan,0x0008,discovery,ap2,,0,,,,,,,0,,
track3_filtered_modified_authorized_only.pcapng,107,1781520228.563219000,c8:3a:35:c2:e0:b7,ff:ff:ff:ff:ff:ff,c8:3a:35:c2:e0:b7,radiotap:wlan_radio:wlan,0x0008,discovery,ap2,,0,,,,,,,0,,
track3_filtered_modified_authorized_only.pcapng,108,1781520228.670692000,c8:3a:35:c2:e0:b7,ff:ff:ff:ff:ff:ff,c8:3a:35:c2:e0:b7,radiotap:wlan_radio:wlan,0x0008,discovery,ap2,,0,,,,,,,0,,
track3_filtered_modified_authorized_only.pcapng,109,1781520228.773015000,c8:3a:35:c2:e0:b7,ff:ff:ff:ff:ff:ff,c8:3a:35:c2:e0:b7,radiotap:wlan_radio:wlan,0x0008,discovery,ap2,,0,,,,,,,0,,
track3_filtered_modified_authorized_only.pcapng,110,1781520228.869242000,c8:3a:35:c2:e0:b7,ff:ff:ff:ff:ff:ff,c8:3a:35:c2:e0:b7,radiotap:wlan_radio:wlan,0x0008,discovery,ap2,,0,,,,,,,0,,
track3_filtered_modified_authorized_only.pcapng,111,1781520228.971928000,c8:3a:35:c2:e0:b7,ff:ff:ff:ff:ff:ff,c8:3a:35:c2:e0:b7,radiotap:wlan_radio:wlan,0x0008,discovery,ap2,,0,,,,,,,0,,
track3_filtered_modified_authorized_only.pcapng,112,1781520229.074177000,c8:3a:35:c2:e0:b7,ff:ff:ff:ff:ff:ff,c8:3a:35:c2:e0:b7,radiotap:wlan_radio:wlan,0x0008,discovery,ap2,,0,,,,,,,0,,
track3_filtered_modified_authorized_only.pcapng,113,1781520229.178039000,c8:3a:35:c2:e0:b7,ff:ff:ff:ff:ff:ff,c8:3a:35:c2:e0:b7,radiotap:wlan_radio:wlan,0x0008,discovery,ap2,,0,,,,,,,0,,
track3_filtered_modified_authorized_only.pcapng,114,1781520229.279839000,c8:3a:35:c2:e0:b7,ff:ff:ff:ff:ff:ff,c8:3a:35:c2:e0:b7,radiotap:wlan_radio:wlan,0x0008,discovery,ap2,,0,,,,,,,0,,
track3_filtered_modified_authorized_only.pcapng,115,1781520229.383735000,c8:3a:35:c2:e0:b7,ff:ff:ff:ff:ff:ff,c8:3a:35:c2:e0:b7,radiotap:wlan_radio:wlan,0x0008,discovery,ap2,,0,,,,,,,0,,
track3_filtered_modified_authorized_only.pcapng,116,1781520229.484969000,c8:3a:35:c2:e0:b7,ff:ff:ff:ff:ff:ff,c8:3a:35:c2:e0:b7,radiotap:wlan_radio:wlan,0x0008,discovery,ap2,,0,,,,,,,0,,
track3_filtered_modified_authorized_only.pcapng,117,1781520229.586485000,c8:3a:35:c2:e0:b7,ff:ff:ff:ff:ff:ff,c8:3a:35:c2:e0:b7,radiotap:wlan_radio:wlan,0x0008,discovery,ap2,,0,,,,,,,0,,
track3_filtered_modified_authorized_only.pcapng,118,1781520229.692744000,c8:3a:35:c2:e0:b7,ff:ff:ff:ff:ff:ff,c8:3a:35:c2:e0:b7,radiotap:wlan_radio:wlan,0x0008,discovery,ap2,,0,,,,,,,0,,
track3_filtered_modified_authorized_only.pcapng,119,1781520229.794074000,c8:3a:35:c2:e0:b7,ff:ff:ff:ff:ff:ff,c8:3a:35:c2:e0:b7,radiotap:wlan_radio:wlan,0x0008,discovery,ap2,,0,,,,,,,0,,
track3_filtered_modified_authorized_only.pcapng,120,1781520229.893514000,c8:3a:35:c2:e0:b7,ff:ff:ff:ff:ff:ff,c8:3a:35:c2:e0:b7,radiotap:wlan_radio:wlan,0x0008,discovery,ap2,,0,,,,,,,0,,
track3_filtered_modified_authorized_only.pcapng,121,1781520229.996351000,c8:3a:35:c2:e0:b7,ff:ff:ff:ff:ff:ff,c8:3a:35:c2:e0:b7,radiotap:wlan_radio:wlan,0x0008,discovery,ap2,,0,,,,,,,0,,
track3_filtered_modified_authorized_only.pcapng,122,1781520230.098401000,c8:3a:35:c2:e0:b7,ff:ff:ff:ff:ff:ff,c8:3a:35:c2:e0:b7,radiotap:wlan_radio:wlan,0x0008,discovery,ap2,,0,,,,,,,0,,
track3_filtered_modified_authorized_only.pcapng,123,1781520230.201859000,c8:3a:35:c2:e0:b7,ff:ff:ff:ff:ff:ff,c8:3a:35:c2:e0:b7,radiotap:wlan_radio:wlan,0x0008,discovery,ap2,,0,,,,,,,0,,
track3_filtered_modified_authorized_only.pcapng,124,1781520230.304364000,c8:3a:35:c2:e0:b7,ff:ff:ff:ff:ff:ff,c8:3a:35:c2:e0:b7,radiotap:wlan_radio:wlan,0x0008,discovery,ap2,,0,,,,,,,0,,
track3_filtered_modified_authorized_only.pcapng,125,1781520230.408129000,c8:3a:35:c2:e0:b7,ff:ff:ff:ff:ff:ff,c8:3a:35:c2:e0:b7,radiotap:wlan_radio:wlan,0x0008,discovery,ap2,,0,,,,,,,0,,
track3_filtered_modified_authorized_only.pcapng,126,1781520230.508994000,c8:3a:35:c2:e0:b7,ff:ff:ff:ff:ff:ff,c8:3a:35:c2:e0:b7,radiotap:wlan_radio:wlan,0x0008,discovery,ap2,,0,,,,,,,0,,
track3_filtered_modified_authorized_only.pcapng,127,1781520230.611269000,c8:3a:35:c2:e0:b7,ff:ff:ff:ff:ff:ff,c8:3a:35:c2:e0:b7,radiotap:wlan_radio:wlan,0x0008,discovery,ap2,,0,,,,,,,0,,
track3_filtered_modified_authorized_only.pcapng,128,1781520230.713272000,c8:3a:35:c2:e0:b7,ff:ff:ff:ff:ff:ff,c8:3a:35:c2:e0:b7,radiotap:wlan_radio:wlan,0x0008,discovery,ap2,,0,,,,,,,0,,
track3_filtered_modified_authorized_only.pcapng,129,1781520230.815397000,c8:3a:35:c2:e0:b7,ff:ff:ff:ff:ff:ff,c8:3a:35:c2:e0:b7,radiotap:wlan_radio:wlan,0x0008,discovery,ap2,,0,,,,,,,0,,
track3_filtered_modified_authorized_only.pcapng,130,1781520230.918730000,c8:3a:35:c2:e0:b7,ff:ff:ff:ff:ff:ff,c8:3a:35:c2:e0:b7,radiotap:wlan_radio:wlan,0x0008,discovery,ap2,,0,,,,,,,0,,
track3_filtered_modified_authorized_only.pcapng,131,1781520231.020812000,c8:3a:35:c2:e0:b7,ff:ff:ff:ff:ff:ff,c8:3a:35:c2:e0:b7,radiotap:wlan_radio:wlan,0x0008,discovery,ap2,,0,,,,,,,0,,
track3_filtered_modified_authorized_only.pcapng,132,1781520231.122459000,c8:3a:35:c2:e0:b7,ff:ff:ff:ff:ff:ff,c8:3a:35:c2:e0:b7,radiotap:wlan_radio:wlan,0x0008,discovery,ap2,,0,,,,,,,0,,
track3_filtered_modified_authorized_only.pcapng,133,1781520231.224841000,c8:3a:35:c2:e0:b7,ff:ff:ff:ff:ff:ff,c8:3a:35:c2:e0:b7,radiotap:wlan_radio:wlan,0x0008,discovery,ap2,,0,,,,,,,0,,
track3_filtered_modified_authorized_only.pcapng,134,1781520231.348289000,c8:3a:35:c2:e0:b7,ff:ff:ff:ff:ff:ff,c8:3a:35:c2:e0:b7,radiotap:wlan_radio:wlan,0x0008,discovery,ap2,,0,,,,,,,0,,
track3_filtered_modified_authorized_only.pcapng,135,1781520231.442841000,c8:3a:35:c2:e0:b7,ff:ff:ff:ff:ff:ff,c8:3a:35:c2:e0:b7,radiotap:wlan_radio:wlan,0x0008,discovery,ap2,,0,,,,,,,0,,
track3_filtered_modified_authorized_only.pcapng,136,1781520231.532110000,c8:3a:35:c2:e0:b7,ff:ff:ff:ff:ff:ff,c8:3a:35:c2:e0:b7,radiotap:wlan_radio:wlan,0x0008,discovery,ap2,,0,,,,,,,0,,
track3_filtered_modified_authorized_only.pcapng,137,1781520231.634579000,c8:3a:35:c2:e0:b7,ff:ff:ff:ff:ff:ff,c8:3a:35:c2:e0:b7,radiotap:wlan_radio:wlan,0x0008,discovery,ap2,,0,,,,,,,0,,
track3_filtered_modified_authorized_only.pcapng,138,1781520231.736859000,c8:3a:35:c2:e0:b7,ff:ff:ff:ff:ff:ff,c8:3a:35:c2:e0:b7,radiotap:wlan_radio:wlan,0x0008,discovery,ap2,,0,,,,,,,0,,
track3_filtered_modified_authorized_only.pcapng,139,1781520231.839516000,c8:3a:35:c2:e0:b7,ff:ff:ff:ff:ff:ff,c8:3a:35:c2:e0:b7,radiotap:wlan_radio:wlan,0x0008,discovery,ap2,,0,,,,,,,0,,
track3_filtered_modified_authorized_only.pcapng,140,1781520231.941499000,c8:3a:35:c2:e0:b7,ff:ff:ff:ff:ff:ff,c8:3a:35:c2:e0:b7,radiotap:wlan_radio:wlan,0x0008,discovery,ap2,,0,,,,,,,0,,
track3_filtered_modified_authorized_only.pcapng,141,1781520232.044175000,c8:3a:35:c2:e0:b7,ff:ff:ff:ff:ff:ff,c8:3a:35:c2:e0:b7,radiotap:wlan_radio:wlan,0x0008,discovery,ap2,,0,,,,,,,0,,
track3_filtered_modified_authorized_only.pcapng,142,1781520232.148326000,c8:3a:35:c2:e0:b7,ff:ff:ff:ff:ff:ff,c8:3a:35:c2:e0:b7,radiotap:wlan_radio:wlan,0x0008,discovery,ap2,,0,,,,,,,0,,
track3_filtered_modified_authorized_only.pcapng,143,1781520232.249967000,c8:3a:35:c2:e0:b7,ff:ff:ff:ff:ff:ff,c8:3a:35:c2:e0:b7,radiotap:wlan_radio:wlan,0x0008,discovery,ap2,,0,,,,,,,0,,
track3_filtered_modified_authorized_only.pcapng,144,1781520232.352806000,c8:3a:35:c2:e0:b7,ff:ff:ff:ff:ff:ff,c8:3a:35:c2:e0:b7,radiotap:wlan_radio:wlan,0x0008,discovery,ap2,,0,,,,,,,0,,
track3_filtered_modified_authorized_only.pcapng,145,1781520232.454210000,c8:3a:35:c2:e0:b7,ff:ff:ff:ff:ff:ff,c8:3a:35:c2:e0:b7,radiotap:wlan_radio:wlan,0x0008,discovery,ap2,,0,,,,,,,0,,
track3_filtered_modified_authorized_only.pcapng,146,1781520232.557095000,c8:3a:35:c2:e0:b7,ff:ff:ff:ff:ff:ff,c8:3a:35:c2:e0:b7,radiotap:wlan_radio:wlan,0x0008,discovery,ap2,,0,,,,,,,0,,
track3_filtered_modified_authorized_only.pcapng,147,1781520232.579862000,d6:35:1d:9f:89:fc,ff:ff:ff:ff:ff:ff,d6:35:1d:9f:89:fc,radiotap:wlan_radio:wlan,0x0008,discovery,ap1,,0,,,,,,,0,,
track3_filtered_modified_authorized_only.pcapng,148,1781520232.658209000,c8:3a:35:c2:e0:b7,ff:ff:ff:ff:ff:ff,c8:3a:35:c2:e0:b7,radiotap:wlan_radio:wlan,0x0008,discovery,ap2,,0,,,,,,,0,,
track3_filtered_modified_authorized_only.pcapng,149,1781520232.760800000,c8:3a:35:c2:e0:b7,ff:ff:ff:ff:ff:ff,c8:3a:35:c2:e0:b7,radiotap:wlan_radio:wlan,0x0008,discovery,ap2,,0,,,,,,,0,,
track3_filtered_modified_authorized_only.pcapng,150,1781520232.863672000,c8:3a:35:c2:e0:b7,ff:ff:ff:ff:ff:ff,c8:3a:35:c2:e0:b7,radiotap:wlan_radio:wlan,0x0008,discovery,ap2,,0,,,,,,,0,,
track3_filtered_modified_authorized_only.pcapng,151,1781520232.967325000,c8:3a:35:c2:e0:b7,ff:ff:ff:ff:ff:ff,c8:3a:35:c2:e0:b7,radiotap:wlan_radio:wlan,0x0008,discovery,ap2,,0,,,,,,,0,,
track3_filtered_modified_authorized_only.pcapng,152,1781520233.069245000,c8:3a:35:c2:e0:b7,ff:ff:ff:ff:ff:ff,c8:3a:35:c2:e0:b7,radiotap:wlan_radio:wlan,0x0008,discovery,ap2,,0,,,,,,,0,,
track3_filtered_modified_authorized_only.pcapng,153,1781520233.170874000,c8:3a:35:c2:e0:b7,ff:ff:ff:ff:ff:ff,c8:3a:35:c2:e0:b7,radiotap:wlan_radio:wlan,0x0008,discovery,ap2,,0,,,,,,,0,,
track3_filtered_modified_authorized_only.pcapng,154,1781520233.273122000,c8:3a:35:c2:e0:b7,ff:ff:ff:ff:ff:ff,c8:3a:35:c2:e0:b7,radiotap:wlan_radio:wlan,0x0008,discovery,ap2,,0,,,,,,,0,,
track3_filtered_modified_authorized_only.pcapng,155,1781520233.375826000,c8:3a:35:c2:e0:b7,ff:ff:ff:ff:ff:ff,c8:3a:35:c2:e0:b7,radiotap:wlan_radio:wlan,0x0008,discovery,ap2,,0,,,,,,,0,,
track3_filtered_modified_authorized_only.pcapng,156,1781520233.478331000,c8:3a:35:c2:e0:b7,ff:ff:ff:ff:ff:ff,c8:3a:35:c2:e0:b7,radiotap:wlan_radio:wlan,0x0008,discovery,ap2,,0,,,,,,,0,,
track3_filtered_modified_authorized_only.pcapng,157,1781520233.580176000,c8:3a:35:c2:e0:b7,ff:ff:ff:ff:ff:ff,c8:3a:35:c2:e0:b7,radiotap:wlan_radio:wlan,0x0008,discovery,ap2,,0,,,,,,,0,,
track3_filtered_modified_authorized_only.pcapng,158,1781520233.683398000,c8:3a:35:c2:e0:b7,ff:ff:ff:ff:ff:ff,c8:3a:35:c2:e0:b7,radiotap:wlan_radio:wlan,0x0008,discovery,ap2,,0,,,,,,,0,,
track3_filtered_modified_authorized_only.pcapng,159,1781520233.786670000,c8:3a:35:c2:e0:b7,ff:ff:ff:ff:ff:ff,c8:3a:35:c2:e0:b7,radiotap:wlan_radio:wlan,0x0008,discovery,ap2,,0,,,,,,,0,,
track3_filtered_modified_authorized_only.pcapng,160,1781520233.887324000,c8:3a:35:c2:e0:b7,ff:ff:ff:ff:ff:ff,c8:3a:35:c2:e0:b7,radiotap:wlan_radio:wlan,0x0008,discovery,ap2,,0,,,,,,,0,,
track3_filtered_modified_authorized_only.pcapng,161,1781520233.989501000,c8:3a:35:c2:e0:b7,ff:ff:ff:ff:ff:ff,c8:3a:35:c2:e0:b7,radiotap:wlan_radio:wlan,0x0008,discovery,ap2,,0,,,,,,,0,,
track3_filtered_modified_authorized_only.pcapng,162,1781520234.092614000,c8:3a:35:c2:e0:b7,ff:ff:ff:ff:ff:ff,c8:3a:35:c2:e0:b7,radiotap:wlan_radio:wlan,0x0008,discovery,ap2,,0,,,,,,,0,,
track3_filtered_modified_authorized_only.pcapng,163,1781520234.199043000,c8:3a:35:c2:e0:b7,ff:ff:ff:ff:ff:ff,c8:3a:35:c2:e0:b7,radiotap:wlan_radio:wlan,0x0008,discovery,ap2,,0,,,,,,,0,,
track3_filtered_modified_authorized_only.pcapng,164,1781520234.303180000,c8:3a:35:c2:e0:b7,ff:ff:ff:ff:ff:ff,c8:3a:35:c2:e0:b7,radiotap:wlan_radio:wlan,0x0008,discovery,ap2,,0,,,,,,,0,,
track3_filtered_modified_authorized_only.pcapng,165,1781520234.400115000,c8:3a:35:c2:e0:b7,ff:ff:ff:ff:ff:ff,c8:3a:35:c2:e0:b7,radiotap:wlan_radio:wlan,0x0008,discovery,ap2,,0,,,,,,,0,,
track3_filtered_modified_authorized_only.pcapng,166,1781520234.502388000,c8:3a:35:c2:e0:b7,ff:ff:ff:ff:ff:ff,c8:3a:35:c2:e0:b7,radiotap:wlan_radio:wlan,0x0008,discovery,ap2,,0,,,,,,,0,,
track3_filtered_modified_authorized_only.pcapng,167,1781520234.607753000,c8:3a:35:c2:e0:b7,ff:ff:ff:ff:ff:ff,c8:3a:35:c2:e0:b7,radiotap:wlan_radio:wlan,0x0008,discovery,ap2,,0,,,,,,,0,,
track3_filtered_modified_authorized_only.pcapng,168,1781520234.706817000,c8:3a:35:c2:e0:b7,ff:ff:ff:ff:ff:ff,c8:3a:35:c2:e0:b7,radiotap:wlan_radio:wlan,0x0008,discovery,ap2,,0,,,,,,,0,,
track3_filtered_modified_authorized_only.pcapng,169,1781520234.809126000,c8:3a:35:c2:e0:b7,ff:ff:ff:ff:ff:ff,c8:3a:35:c2:e0:b7,radiotap:wlan_radio:wlan,0x0008,discovery,ap2,,0,,,,,,,0,,
track3_filtered_modified_authorized_only.pcapng,170,1781520234.843474000,32:0a:af:e3:81:b2,c8:3a:35:c2:e0:b7,c8:3a:35:c2:e0:b7,radiotap:wlan_radio:wlan,0x000a,other,ap2,,0,,,,,,,0,,
track3_filtered_modified_authorized_only.pcapng,171,1781520234.911532000,c8:3a:35:c2:e0:b7,ff:ff:ff:ff:ff:ff,c8:3a:35:c2:e0:b7,radiotap:wlan_radio:wlan,0x0008,discovery,ap2,,0,,,,,,,0,,
track3_filtered_modified_authorized_only.pcapng,172,1781520235.013877000,c8:3a:35:c2:e0:b7,ff:ff:ff:ff:ff:ff,c8:3a:35:c2:e0:b7,radiotap:wlan_radio:wlan,0x0008,discovery,ap2,,0,,,,,,,0,,
track3_filtered_modified_authorized_only.pcapng,173,1781520235.118880000,c8:3a:35:c2:e0:b7,ff:ff:ff:ff:ff:ff,c8:3a:35:c2:e0:b7,radiotap:wlan_radio:wlan,0x0008,discovery,ap2,,0,,,,,,,0,,
track3_filtered_modified_authorized_only.pcapng,174,1781520235.218569000,c8:3a:35:c2:e0:b7,ff:ff:ff:ff:ff:ff,c8:3a:35:c2:e0:b7,radiotap:wlan_radio:wlan,0x0008,discovery,ap2,,0,,,,,,,0,,
track3_filtered_modified_authorized_only.pcapng,175,1781520235.320727000,c8:3a:35:c2:e0:b7,ff:ff:ff:ff:ff:ff,c8:3a:35:c2:e0:b7,radiotap:wlan_radio:wlan,0x0008,discovery,ap2,,0,,,,,,,0,,
track3_filtered_modified_authorized_only.pcapng,176,1781520235.424098000,c8:3a:35:c2:e0:b7,ff:ff:ff:ff:ff:ff,c8:3a:35:c2:e0:b7,radiotap:wlan_radio:wlan,0x0008,discovery,ap2,,0,,,,,,,0,,
track3_filtered_modified_authorized_only.pcapng,177,1781520235.525765000,c8:3a:35:c2:e0:b7,ff:ff:ff:ff:ff:ff,c8:3a:35:c2:e0:b7,radiotap:wlan_radio:wlan,0x0008,discovery,ap2,,0,,,,,,,0,,
track3_filtered_modified_authorized_only.pcapng,178,1781520235.628166000,c8:3a:35:c2:e0:b7,ff:ff:ff:ff:ff:ff,c8:3a:35:c2:e0:b7,radiotap:wlan_radio:wlan,0x0008,discovery,ap2,,0,,,,,,,0,,
track3_filtered_modified_authorized_only.pcapng,179,1781520235.731197000,c8:3a:35:c2:e0:b7,ff:ff:ff:ff:ff:ff,c8:3a:35:c2:e0:b7,radiotap:wlan_radio:wlan,0x0008,discovery,ap2,,0,,,,,,,0,,
track3_filtered_modified_authorized_only.pcapng,180,1781520235.833797000,c8:3a:35:c2:e0:b7,ff:ff:ff:ff:ff:ff,c8:3a:35:c2:e0:b7,radiotap:wlan_radio:wlan,0x0008,discovery,ap2,,0,,,,,,,0,,
track3_filtered_modified_authorized_only.pcapng,181,1781520235.861682000,c8:3a:35:c2:e0:b7,32:0a:af:e3:81:b2,c8:3a:35:c2:e0:b7,radiotap:wlan_radio:wlan,0x000c,other,ap2,,0,,,,,,,0,,
track3_filtered_modified_authorized_only.pcapng,182,1781520235.935162000,c8:3a:35:c2:e0:b7,ff:ff:ff:ff:ff:ff,c8:3a:35:c2:e0:b7,radiotap:wlan_radio:wlan,0x0008,discovery,ap2,,0,,,,,,,0,,
track3_filtered_modified_authorized_only.pcapng,183,1781520236.040139000,c8:3a:35:c2:e0:b7,ff:ff:ff:ff:ff:ff,c8:3a:35:c2:e0:b7,radiotap:wlan_radio:wlan,0x0008,discovery,ap2,,0,,,,,,,0,,
track3_filtered_modified_authorized_only.pcapng,184,1781520236.140785000,c8:3a:35:c2:e0:b7,ff:ff:ff:ff:ff:ff,c8:3a:35:c2:e0:b7,radiotap:wlan_radio:wlan,0x0008,discovery,ap2,,0,,,,,,,0,,
track3_filtered_modified_authorized_only.pcapng,185,1781520236.143649000,c8:3a:35:c2:e0:b7,b6:2a:98:7e:fc:c0,c8:3a:35:c2:e0:b7,radiotap:wlan_radio:wlan,0x0005,discovery,ap2,,0,,,,,,,0,,
track3_filtered_modified_authorized_only.pcapng,186,1781520236.161918000,c8:3a:35:c2:e0:b7,b6:2a:98:7e:fc:c0,c8:3a:35:c2:e0:b7,radiotap:wlan_radio:wlan,0x0005,discovery,ap2,,0,,,,,,,0,,
track3_filtered_modified_authorized_only.pcapng,187,1781520236.188993000,d6:35:1d:9f:89:fc,3e:f5:54:d7:22:66,d6:35:1d:9f:89:fc,radiotap:wlan_radio:wlan,0x0005,discovery,ap1,,0,,,,,,,0,,
track3_filtered_modified_authorized_only.pcapng,188,1781520236.242367000,c8:3a:35:c2:e0:b7,ff:ff:ff:ff:ff:ff,c8:3a:35:c2:e0:b7,radiotap:wlan_radio:wlan,0x0008,discovery,ap2,,0,,,,,,,0,,
track3_filtered_modified_authorized_only.pcapng,189,1781520236.344822000,c8:3a:35:c2:e0:b7,ff:ff:ff:ff:ff:ff,c8:3a:35:c2:e0:b7,radiotap:wlan_radio:wlan,0x0008,discovery,ap2,,0,,,,,,,0,,
track3_filtered_modified_authorized_only.pcapng,190,1781520236.448201000,c8:3a:35:c2:e0:b7,ff:ff:ff:ff:ff:ff,c8:3a:35:c2:e0:b7,radiotap:wlan_radio:wlan,0x0008,discovery,ap2,,0,,,,,,,0,,
track3_filtered_modified_authorized_only.pcapng,191,1781520236.493352000,32:0a:af:e3:81:b2,ff:ff:ff:ff:ff:ff,ff:ff:ff:ff:ff:ff,radiotap:wlan_radio:wlan,0x0004,discovery,unknown,,0,,,,,,,0,,
track3_filtered_modified_authorized_only.pcapng,192,1781520236.496402000,c8:3a:35:c2:e0:b7,32:0a:af:e3:81:b2,c8:3a:35:c2:e0:b7,radiotap:wlan_radio:wlan,0x0005,discovery,ap2,,0,,,,,,,0,,
track3_filtered_modified_authorized_only.pcapng,193,1781520236.533261000,32:0a:af:e3:81:b2,c8:3a:35:c2:e0:b7,c8:3a:35:c2:e0:b7,radiotap:wlan_radio:wlan,0x000b,auth_assoc,ap2,,0,,,,,,,0,,
track3_filtered_modified_authorized_only.pcapng,194,1781520236.536328000,c8:3a:35:c2:e0:b7,32:0a:af:e3:81:b2,c8:3a:35:c2:e0:b7,radiotap:wlan_radio:wlan,0x000b,auth_assoc,ap2,,0,,,,,,,0,,
track3_filtered_modified_authorized_only.pcapng,195,1781520236.540607000,32:0a:af:e3:81:b2,c8:3a:35:c2:e0:b7,c8:3a:35:c2:e0:b7,radiotap:wlan_radio:wlan,0x0000,auth_assoc,ap2,,0,,,,,,,0,,
track3_filtered_modified_authorized_only.pcapng,196,1781520236.550918000,c8:3a:35:c2:e0:b7,ff:ff:ff:ff:ff:ff,c8:3a:35:c2:e0:b7,radiotap:wlan_radio:wlan,0x0008,discovery,ap2,,0,,,,,,,0,,
track3_filtered_modified_authorized_only.pcapng,197,1781520236.555185000,c8:3a:35:c2:e0:b7,32:0a:af:e3:81:b2,c8:3a:35:c2:e0:b7,radiotap:wlan_radio:wlan,0x0001,auth_assoc,ap2,,0,,,,,,,0,,
track3_filtered_modified_authorized_only.pcapng,198,1781520236.559706000,c8:3a:35:c2:e0:b7,32:0a:af:e3:81:b2,c8:3a:35:c2:e0:b7,radiotap:wlan_radio:wlan:llc:eapol,0x0028,key_exchange,ap2,,0,,,,,,,1,,1
track3_filtered_modified_authorized_only.pcapng,199,1781520236.564449000,32:0a:af:e3:81:b2,c8:3a:35:c2:e0:b7,c8:3a:35:c2:e0:b7,radiotap:wlan_radio:wlan:llc:eapol,0x0028,key_exchange,ap2,,0,,,,,,,1,,1
track3_filtered_modified_authorized_only.pcapng,200,1781520236.570900000,c8:3a:35:c2:e0:b7,32:0a:af:e3:81:b2,c8:3a:35:c2:e0:b7,radiotap:wlan_radio:wlan:llc:eapol,0x0028,key_exchange,ap2,,0,,,,,,,1,,2
track3_filtered_modified_authorized_only.pcapng,201,1781520236.573206000,d6:35:1d:9f:89:fc,ff:ff:ff:ff:ff:ff,d6:35:1d:9f:89:fc,radiotap:wlan_radio:wlan,0x0008,discovery,ap1,,0,,,,,,,0,,
track3_filtered_modified_authorized_only.pcapng,202,1781520236.576087000,32:0a:af:e3:81:b2,c8:3a:35:c2:e0:b7,c8:3a:35:c2:e0:b7,radiotap:wlan_radio:wlan:llc:eapol,0x0028,key_exchange,ap2,,0,,,,,,,1,,2
track3_filtered_modified_authorized_only.pcapng,203,1781520236.651977000,c8:3a:35:c2:e0:b7,ff:ff:ff:ff:ff:ff,c8:3a:35:c2:e0:b7,radiotap:wlan_radio:wlan,0x0008,discovery,ap2,,0,,,,,,,0,,
track3_filtered_modified_authorized_only.pcapng,204,1781520236.754841000,c8:3a:35:c2:e0:b7,ff:ff:ff:ff:ff:ff,c8:3a:35:c2:e0:b7,radiotap:wlan_radio:wlan,0x0008,discovery,ap2,,0,,,,,,,0,,
track3_filtered_modified_authorized_only.pcapng,205,1781520236.857141000,c8:3a:35:c2:e0:b7,ff:ff:ff:ff:ff:ff,c8:3a:35:c2:e0:b7,radiotap:wlan_radio:wlan,0x0008,discovery,ap2,,0,,,,,,,0,,
track3_filtered_modified_authorized_only.pcapng,206,1781520236.962464000,c8:3a:35:c2:e0:b7,ff:ff:ff:ff:ff:ff,c8:3a:35:c2:e0:b7,radiotap:wlan_radio:wlan,0x0008,discovery,ap2,,0,,,,,,,0,,
track3_filtered_modified_authorized_only.pcapng,207,1781520237.067070000,c8:3a:35:c2:e0:b7,ff:ff:ff:ff:ff:ff,c8:3a:35:c2:e0:b7,radiotap:wlan_radio:wlan,0x0008,discovery,ap2,,0,,,,,,,0,,
track3_filtered_modified_authorized_only.pcapng,208,1781520237.165083000,c8:3a:35:c2:e0:b7,ff:ff:ff:ff:ff:ff,c8:3a:35:c2:e0:b7,radiotap:wlan_radio:wlan,0x0008,discovery,ap2,,0,,,,,,,0,,
track3_filtered_modified_authorized_only.pcapng,209,1781520237.188592000,d6:35:1d:9f:89:fc,ff:ff:ff:ff:ff:ff,d6:35:1d:9f:89:fc,radiotap:wlan_radio:wlan,0x0008,discovery,ap1,,0,,,,,,,0,,
track3_filtered_modified_authorized_only.pcapng,210,1781520237.267207000,c8:3a:35:c2:e0:b7,ff:ff:ff:ff:ff:ff,c8:3a:35:c2:e0:b7,radiotap:wlan_radio:wlan,0x0008,discovery,ap2,,0,,,,,,,0,,
track3_filtered_modified_authorized_only.pcapng,211,1781520237.369861000,c8:3a:35:c2:e0:b7,ff:ff:ff:ff:ff:ff,c8:3a:35:c2:e0:b7,radiotap:wlan_radio:wlan,0x0008,discovery,ap2,,0,,,,,,,0,,
track3_filtered_modified_authorized_only.pcapng,212,1781520237.405636000,c8:3a:35:c2:e0:b7,2e:8c:43:8a:3f:65,c8:3a:35:c2:e0:b7,radiotap:wlan_radio:wlan,0x0005,discovery,ap2,,0,,,,,,,0,,
track3_filtered_modified_authorized_only.pcapng,213,1781520237.415143000,c8:3a:35:c2:e0:b7,2e:8c:43:8a:3f:65,c8:3a:35:c2:e0:b7,radiotap:wlan_radio:wlan,0x0005,discovery,ap2,,0,,,,,,,0,,
track3_filtered_modified_authorized_only.pcapng,214,1781520237.472698000,c8:3a:35:c2:e0:b7,ff:ff:ff:ff:ff:ff,c8:3a:35:c2:e0:b7,radiotap:wlan_radio:wlan,0x0008,discovery,ap2,,0,,,,,,,0,,
track3_filtered_modified_authorized_only.pcapng,215,1781520237.573911000,c8:3a:35:c2:e0:b7,ff:ff:ff:ff:ff:ff,c8:3a:35:c2:e0:b7,radiotap:wlan_radio:wlan,0x0008,discovery,ap2,,0,,,,,,,0,,
track3_filtered_modified_authorized_only.pcapng,216,1781520237.676218000,c8:3a:35:c2:e0:b7,ff:ff:ff:ff:ff:ff,c8:3a:35:c2:e0:b7,radiotap:wlan_radio:wlan,0x0008,discovery,ap2,,0,,,,,,,0,,
track3_filtered_modified_authorized_only.pcapng,217,1781520237.778669000,c8:3a:35:c2:e0:b7,ff:ff:ff:ff:ff:ff,c8:3a:35:c2:e0:b7,radiotap:wlan_radio:wlan,0x0008,discovery,ap2,,0,,,,,,,0,,
track3_filtered_modified_authorized_only.pcapng,218,1781520237.881015000,c8:3a:35:c2:e0:b7,ff:ff:ff:ff:ff:ff,c8:3a:35:c2:e0:b7,radiotap:wlan_radio:wlan,0x0008,discovery,ap2,,0,,,,,,,0,,
track3_filtered_modified_authorized_only.pcapng,219,1781520237.984242000,c8:3a:35:c2:e0:b7,ff:ff:ff:ff:ff:ff,c8:3a:35:c2:e0:b7,radiotap:wlan_radio:wlan,0x0008,discovery,ap2,,0,,,,,,,0,,
track3_filtered_modified_authorized_only.pcapng,220,1781520238.086278000,c8:3a:35:c2:e0:b7,ff:ff:ff:ff:ff:ff,c8:3a:35:c2:e0:b7,radiotap:wlan_radio:wlan,0x0008,discovery,ap2,,0,,,,,,,0,,
track3_filtered_modified_authorized_only.pcapng,221,1781520238.190004000,c8:3a:35:c2:e0:b7,ff:ff:ff:ff:ff:ff,c8:3a:35:c2:e0:b7,radiotap:wlan_radio:wlan,0x0008,discovery,ap2,,0,,,,,,,0,,
track3_filtered_modified_authorized_only.pcapng,222,1781520238.291172000,c8:3a:35:c2:e0:b7,ff:ff:ff:ff:ff:ff,c8:3a:35:c2:e0:b7,radiotap:wlan_radio:wlan,0x0008,discovery,ap2,,0,,,,,,,0,,
track3_filtered_modified_authorized_only.pcapng,223,1781520238.393469000,c8:3a:35:c2:e0:b7,ff:ff:ff:ff:ff:ff,c8:3a:35:c2:e0:b7,radiotap:wlan_radio:wlan,0x0008,discovery,ap2,,0,,,,,,,0,,
track3_filtered_modified_authorized_only.pcapng,224,1781520238.495605000,c8:3a:35:c2:e0:b7,ff:ff:ff:ff:ff:ff,c8:3a:35:c2:e0:b7,radiotap:wlan_radio:wlan,0x0008,discovery,ap2,,0,,,,,,,0,,
track3_filtered_modified_authorized_only.pcapng,225,1781520238.599945000,c8:3a:35:c2:e0:b7,ff:ff:ff:ff:ff:ff,c8:3a:35:c2:e0:b7,radiotap:wlan_radio:wlan,0x0008,discovery,ap2,,0,,,,,,,0,,
track3_filtered_modified_authorized_only.pcapng,226,1781520238.700919000,c8:3a:35:c2:e0:b7,ff:ff:ff:ff:ff:ff,c8:3a:35:c2:e0:b7,radiotap:wlan_radio:wlan,0x0008,discovery,ap2,,0,,,,,,,0,,
track3_filtered_modified_authorized_only.pcapng,227,1781520238.802856000,c8:3a:35:c2:e0:b7,ff:ff:ff:ff:ff:ff,c8:3a:35:c2:e0:b7,radiotap:wlan_radio:wlan,0x0008,discovery,ap2,,0,,,,,,,0,,
track3_filtered_modified_authorized_only.pcapng,228,1781520238.904994000,c8:3a:35:c2:e0:b7,ff:ff:ff:ff:ff:ff,c8:3a:35:c2:e0:b7,radiotap:wlan_radio:wlan,0x0008,discovery,ap2,,0,,,,,,,0,,
track3_filtered_modified_authorized_only.pcapng,229,1781520239.007624000,c8:3a:35:c2:e0:b7,ff:ff:ff:ff:ff:ff,c8:3a:35:c2:e0:b7,radiotap:wlan_radio:wlan,0x0008,discovery,ap2,,0,,,,,,,0,,
track3_filtered_modified_authorized_only.pcapng,230,1781520239.109870000,c8:3a:35:c2:e0:b7,ff:ff:ff:ff:ff:ff,c8:3a:35:c2:e0:b7,radiotap:wlan_radio:wlan,0x0008,discovery,ap2,,0,,,,,,,0,,
track3_filtered_modified_authorized_only.pcapng,231,1781520239.212129000,c8:3a:35:c2:e0:b7,ff:ff:ff:ff:ff:ff,c8:3a:35:c2:e0:b7,radiotap:wlan_radio:wlan,0x0008,discovery,ap2,,0,,,,,,,0,,
track3_filtered_modified_authorized_only.pcapng,232,1781520239.314869000,c8:3a:35:c2:e0:b7,ff:ff:ff:ff:ff:ff,c8:3a:35:c2:e0:b7,radiotap:wlan_radio:wlan,0x0008,discovery,ap2,,0,,,,,,,0,,
track3_filtered_modified_authorized_only.pcapng,233,1781520239.417405000,c8:3a:35:c2:e0:b7,ff:ff:ff:ff:ff:ff,c8:3a:35:c2:e0:b7,radiotap:wlan_radio:wlan,0x0008,discovery,ap2,,0,,,,,,,0,,
track3_filtered_modified_authorized_only.pcapng,234,1781520239.521029000,c8:3a:35:c2:e0:b7,ff:ff:ff:ff:ff:ff,c8:3a:35:c2:e0:b7,radiotap:wlan_radio:wlan,0x0008,discovery,ap2,,0,,,,,,,0,,
track3_filtered_modified_authorized_only.pcapng,235,1781520239.622312000,c8:3a:35:c2:e0:b7,ff:ff:ff:ff:ff:ff,c8:3a:35:c2:e0:b7,radiotap:wlan_radio:wlan,0x0008,discovery,ap2,,0,,,,,,,0,,
track3_filtered_modified_authorized_only.pcapng,236,1781520239.726502000,c8:3a:35:c2:e0:b7,ff:ff:ff:ff:ff:ff,c8:3a:35:c2:e0:b7,radiotap:wlan_radio:wlan,0x0008,discovery,ap2,,0,,,,,,,0,,
track3_filtered_modified_authorized_only.pcapng,237,1781520239.830331000,c8:3a:35:c2:e0:b7,ff:ff:ff:ff:ff:ff,c8:3a:35:c2:e0:b7,radiotap:wlan_radio:wlan,0x0008,discovery,ap2,,0,,,,,,,0,,
track3_filtered_modified_authorized_only.pcapng,238,1781520239.929558000,c8:3a:35:c2:e0:b7,ff:ff:ff:ff:ff:ff,c8:3a:35:c2:e0:b7,radiotap:wlan_radio:wlan,0x0008,discovery,ap2,,0,,,,,,,0,,
track3_filtered_modified_authorized_only.pcapng,239,1781520239.953073000,d6:35:1d:9f:89:fc,ff:ff:ff:ff:ff:ff,d6:35:1d:9f:89:fc,radiotap:wlan_radio:wlan,0x0008,discovery,ap1,,0,,,,,,,0,,
track3_filtered_modified_authorized_only.pcapng,240,1781520240.031778000,c8:3a:35:c2:e0:b7,ff:ff:ff:ff:ff:ff,c8:3a:35:c2:e0:b7,radiotap:wlan_radio:wlan,0x0008,discovery,ap2,,0,,,,,,,0,,
track3_filtered_modified_authorized_only.pcapng,241,1781520240.134253000,c8:3a:35:c2:e0:b7,ff:ff:ff:ff:ff:ff,c8:3a:35:c2:e0:b7,radiotap:wlan_radio:wlan,0x0008,discovery,ap2,,0,,,,,,,0,,
track3_filtered_modified_authorized_only.pcapng,242,1781520240.238923000,c8:3a:35:c2:e0:b7,ff:ff:ff:ff:ff:ff,c8:3a:35:c2:e0:b7,radiotap:wlan_radio:wlan,0x0008,discovery,ap2,,0,,,,,,,0,,
track3_filtered_modified_authorized_only.pcapng,243,1781520240.261340000,d6:35:1d:9f:89:fc,ff:ff:ff:ff:ff:ff,d6:35:1d:9f:89:fc,radiotap:wlan_radio:wlan,0x0008,discovery,ap1,,0,,,,,,,0,,
track3_filtered_modified_authorized_only.pcapng,244,1781520240.342016000,c8:3a:35:c2:e0:b7,ff:ff:ff:ff:ff:ff,c8:3a:35:c2:e0:b7,radiotap:wlan_radio:wlan,0x0008,discovery,ap2,,0,,,,,,,0,,
track3_filtered_modified_authorized_only.pcapng,245,1781520240.444823000,c8:3a:35:c2:e0:b7,ff:ff:ff:ff:ff:ff,c8:3a:35:c2:e0:b7,radiotap:wlan_radio:wlan,0x0008,discovery,ap2,,0,,,,,,,0,,
track3_filtered_modified_authorized_only.pcapng,246,1781520240.543809000,c8:3a:35:c2:e0:b7,ff:ff:ff:ff:ff:ff,c8:3a:35:c2:e0:b7,radiotap:wlan_radio:wlan,0x0008,discovery,ap2,,0,,,,,,,0,,
track3_filtered_modified_authorized_only.pcapng,247,1781520240.569931000,d6:35:1d:9f:89:fc,ff:ff:ff:ff:ff:ff,d6:35:1d:9f:89:fc,radiotap:wlan_radio:wlan,0x0008,discovery,ap1,,0,,,,,,,0,,
track3_filtered_modified_authorized_only.pcapng,248,1781520240.653511000,c8:3a:35:c2:e0:b7,ff:ff:ff:ff:ff:ff,c8:3a:35:c2:e0:b7,radiotap:wlan_radio:wlan,0x0008,discovery,ap2,,0,,,,,,,0,,
track3_filtered_modified_authorized_only.pcapng,249,1781520240.672731000,d6:35:1d:9f:89:fc,ff:ff:ff:ff:ff:ff,d6:35:1d:9f:89:fc,radiotap:wlan_radio:wlan,0x0008,discovery,ap1,,0,,,,,,,0,,
track3_filtered_modified_authorized_only.pcapng,250,1781520240.748374000,c8:3a:35:c2:e0:b7,ff:ff:ff:ff:ff:ff,c8:3a:35:c2:e0:b7,radiotap:wlan_radio:wlan,0x0008,discovery,ap2,,0,,,,,,,0,,
track3_filtered_modified_authorized_only.pcapng,251,1781520240.772150000,d6:35:1d:9f:89:fc,ff:ff:ff:ff:ff:ff,d6:35:1d:9f:89:fc,radiotap:wlan_radio:wlan,0x0008,discovery,ap1,,0,,,,,,,0,,
track3_filtered_modified_authorized_only.pcapng,252,1781520240.852240000,c8:3a:35:c2:e0:b7,ff:ff:ff:ff:ff:ff,c8:3a:35:c2:e0:b7,radiotap:wlan_radio:wlan,0x0008,discovery,ap2,,0,,,,,,,0,,
track3_filtered_modified_authorized_only.pcapng,253,1781520240.953185000,c8:3a:35:c2:e0:b7,ff:ff:ff:ff:ff:ff,c8:3a:35:c2:e0:b7,radiotap:wlan_radio:wlan,0x0008,discovery,ap2,,0,,,,,,,0,,
track3_filtered_modified_authorized_only.pcapng,254,1781520241.060036000,c8:3a:35:c2:e0:b7,ff:ff:ff:ff:ff:ff,c8:3a:35:c2:e0:b7,radiotap:wlan_radio:wlan,0x0008,discovery,ap2,,0,,,,,,,0,,
track3_filtered_modified_authorized_only.pcapng,255,1781520241.158880000,c8:3a:35:c2:e0:b7,ff:ff:ff:ff:ff:ff,c8:3a:35:c2:e0:b7,radiotap:wlan_radio:wlan,0x0008,discovery,ap2,,0,,,,,,,0,,
track3_filtered_modified_authorized_only.pcapng,256,1781520241.181672000,d6:35:1d:9f:89:fc,ff:ff:ff:ff:ff:ff,d6:35:1d:9f:89:fc,radiotap:wlan_radio:wlan,0x0008,discovery,ap1,,0,,,,,,,0,,
track3_filtered_modified_authorized_only.pcapng,257,1781520241.260746000,c8:3a:35:c2:e0:b7,ff:ff:ff:ff:ff:ff,c8:3a:35:c2:e0:b7,radiotap:wlan_radio:wlan,0x0008,discovery,ap2,,0,,,,,,,0,,
track3_filtered_modified_authorized_only.pcapng,258,1781520241.286099000,d6:35:1d:9f:89:fc,ff:ff:ff:ff:ff:ff,d6:35:1d:9f:89:fc,radiotap:wlan_radio:wlan,0x0008,discovery,ap1,,0,,,,,,,0,,
track3_filtered_modified_authorized_only.pcapng,259,1781520241.362719000,c8:3a:35:c2:e0:b7,ff:ff:ff:ff:ff:ff,c8:3a:35:c2:e0:b7,radiotap:wlan_radio:wlan,0x0008,discovery,ap2,,0,,,,,,,0,,
track3_filtered_modified_authorized_only.pcapng,260,1781520241.387423000,d6:35:1d:9f:89:fc,ff:ff:ff:ff:ff:ff,d6:35:1d:9f:89:fc,radiotap:wlan_radio:wlan,0x0008,discovery,ap1,,0,,,,,,,0,,
track3_filtered_modified_authorized_only.pcapng,261,1781520241.465234000,c8:3a:35:c2:e0:b7,ff:ff:ff:ff:ff:ff,c8:3a:35:c2:e0:b7,radiotap:wlan_radio:wlan,0x0008,discovery,ap2,,0,,,,,,,0,,
track3_filtered_modified_authorized_only.pcapng,262,1781520241.568406000,c8:3a:35:c2:e0:b7,ff:ff:ff:ff:ff:ff,c8:3a:35:c2:e0:b7,radiotap:wlan_radio:wlan,0x0008,discovery,ap2,,0,,,,,,,0,,
track3_filtered_modified_authorized_only.pcapng,263,1781520241.671246000,c8:3a:35:c2:e0:b7,ff:ff:ff:ff:ff:ff,c8:3a:35:c2:e0:b7,radiotap:wlan_radio:wlan,0x0008,discovery,ap2,,0,,,,,,,0,,
track3_filtered_modified_authorized_only.pcapng,264,1781520241.693878000,d6:35:1d:9f:89:fc,ff:ff:ff:ff:ff:ff,d6:35:1d:9f:89:fc,radiotap:wlan_radio:wlan,0x0008,discovery,ap1,,0,,,,,,,0,,
track3_filtered_modified_authorized_only.pcapng,265,1781520241.773049000,c8:3a:35:c2:e0:b7,ff:ff:ff:ff:ff:ff,c8:3a:35:c2:e0:b7,radiotap:wlan_radio:wlan,0x0008,discovery,ap2,,0,,,,,,,0,,
track3_filtered_modified_authorized_only.pcapng,266,1781520241.875913000,c8:3a:35:c2:e0:b7,ff:ff:ff:ff:ff:ff,c8:3a:35:c2:e0:b7,radiotap:wlan_radio:wlan,0x0008,discovery,ap2,,0,,,,,,,0,,
track3_filtered_modified_authorized_only.pcapng,267,1781520241.899599000,d6:35:1d:9f:89:fc,ff:ff:ff:ff:ff:ff,d6:35:1d:9f:89:fc,radiotap:wlan_radio:wlan,0x0008,discovery,ap1,,0,,,,,,,0,,
track3_filtered_modified_authorized_only.pcapng,268,1781520241.977730000,c8:3a:35:c2:e0:b7,ff:ff:ff:ff:ff:ff,c8:3a:35:c2:e0:b7,radiotap:wlan_radio:wlan,0x0008,discovery,ap2,,0,,,,,,,0,,
track3_filtered_modified_authorized_only.pcapng,269,1781520242.079569000,c8:3a:35:c2:e0:b7,ff:ff:ff:ff:ff:ff,c8:3a:35:c2:e0:b7,radiotap:wlan_radio:wlan,0x0008,discovery,ap2,,0,,,,,,,0,,
track3_filtered_modified_authorized_only.pcapng,270,1781520242.103889000,d6:35:1d:9f:89:fc,ff:ff:ff:ff:ff:ff,d6:35:1d:9f:89:fc,radiotap:wlan_radio:wlan,0x0008,discovery,ap1,,0,,,,,,,0,,
track3_filtered_modified_authorized_only.pcapng,271,1781520242.183844000,c8:3a:35:c2:e0:b7,ff:ff:ff:ff:ff:ff,c8:3a:35:c2:e0:b7,radiotap:wlan_radio:wlan,0x0008,discovery,ap2,,0,,,,,,,0,,
track3_filtered_modified_authorized_only.pcapng,272,1781520242.284433000,c8:3a:35:c2:e0:b7,ff:ff:ff:ff:ff:ff,c8:3a:35:c2:e0:b7,radiotap:wlan_radio:wlan,0x0008,discovery,ap2,,0,,,,,,,0,,
track3_filtered_modified_authorized_only.pcapng,273,1781520242.386765000,c8:3a:35:c2:e0:b7,ff:ff:ff:ff:ff:ff,c8:3a:35:c2:e0:b7,radiotap:wlan_radio:wlan,0x0008,discovery,ap2,,0,,,,,,,0,,
track3_filtered_modified_authorized_only.pcapng,274,1781520242.411742000,d6:35:1d:9f:89:fc,ff:ff:ff:ff:ff:ff,d6:35:1d:9f:89:fc,radiotap:wlan_radio:wlan,0x0008,discovery,ap1,,0,,,,,,,0,,
track3_filtered_modified_authorized_only.pcapng,275,1781520242.492001000,c8:3a:35:c2:e0:b7,ff:ff:ff:ff:ff:ff,c8:3a:35:c2:e0:b7,radiotap:wlan_radio:wlan,0x0008,discovery,ap2,,0,,,,,,,0,,
track3_filtered_modified_authorized_only.pcapng,276,1781520242.534045000,c8:3a:35:c2:e0:b7,50:2c:c6:9d:8e:f4,c8:3a:35:c2:e0:b7,radiotap:wlan_radio:wlan,0x0005,discovery,ap2,,0,,,,,,,0,,
track3_filtered_modified_authorized_only.pcapng,277,1781520242.591613000,c8:3a:35:c2:e0:b7,ff:ff:ff:ff:ff:ff,c8:3a:35:c2:e0:b7,radiotap:wlan_radio:wlan,0x0008,discovery,ap2,,0,,,,,,,0,,
track3_filtered_modified_authorized_only.pcapng,278,1781520242.693776000,c8:3a:35:c2:e0:b7,ff:ff:ff:ff:ff:ff,c8:3a:35:c2:e0:b7,radiotap:wlan_radio:wlan,0x0008,discovery,ap2,,0,,,,,,,0,,
track3_filtered_modified_authorized_only.pcapng,279,1781520242.798076000,c8:3a:35:c2:e0:b7,ff:ff:ff:ff:ff:ff,c8:3a:35:c2:e0:b7,radiotap:wlan_radio:wlan,0x0008,discovery,ap2,,0,,,,,,,0,,
track3_filtered_modified_authorized_only.pcapng,280,1781520242.821151000,d6:35:1d:9f:89:fc,ff:ff:ff:ff:ff:ff,d6:35:1d:9f:89:fc,radiotap:wlan_radio:wlan,0x0008,discovery,ap1,,0,,,,,,,0,,
track3_filtered_modified_authorized_only.pcapng,281,1781520242.898535000,c8:3a:35:c2:e0:b7,ff:ff:ff:ff:ff:ff,c8:3a:35:c2:e0:b7,radiotap:wlan_radio:wlan,0x0008,discovery,ap2,,0,,,,,,,0,,
track3_filtered_modified_authorized_only.pcapng,282,1781520243.004058000,c8:3a:35:c2:e0:b7,ff:ff:ff:ff:ff:ff,c8:3a:35:c2:e0:b7,radiotap:wlan_radio:wlan,0x0008,discovery,ap2,,0,,,,,,,0,,
track3_filtered_modified_authorized_only.pcapng,283,1781520243.025826000,d6:35:1d:9f:89:fc,ff:ff:ff:ff:ff:ff,d6:35:1d:9f:89:fc,radiotap:wlan_radio:wlan,0x0008,discovery,ap1,,0,,,,,,,0,,
track3_filtered_modified_authorized_only.pcapng,284,1781520243.107446000,c8:3a:35:c2:e0:b7,ff:ff:ff:ff:ff:ff,c8:3a:35:c2:e0:b7,radiotap:wlan_radio:wlan,0x0008,discovery,ap2,,0,,,,,,,0,,
track3_filtered_modified_authorized_only.pcapng,285,1781520243.208887000,c8:3a:35:c2:e0:b7,ff:ff:ff:ff:ff:ff,c8:3a:35:c2:e0:b7,radiotap:wlan_radio:wlan,0x0008,discovery,ap2,,0,,,,,,,0,,
track3_filtered_modified_authorized_only.pcapng,286,1781520243.309520000,c8:3a:35:c2:e0:b7,ff:ff:ff:ff:ff:ff,c8:3a:35:c2:e0:b7,radiotap:wlan_radio:wlan,0x0008,discovery,ap2,,0,,,,,,,0,,
track3_filtered_modified_authorized_only.pcapng,287,1781520243.410572000,c8:3a:35:c2:e0:b7,ff:ff:ff:ff:ff:ff,c8:3a:35:c2:e0:b7,radiotap:wlan_radio:wlan,0x0008,discovery,ap2,,0,,,,,,,0,,
track3_filtered_modified_authorized_only.pcapng,288,1781520243.513297000,c8:3a:35:c2:e0:b7,ff:ff:ff:ff:ff:ff,c8:3a:35:c2:e0:b7,radiotap:wlan_radio:wlan,0x0008,discovery,ap2,,0,,,,,,,0,,
track3_filtered_modified_authorized_only.pcapng,289,1781520243.538242000,d6:35:1d:9f:89:fc,ff:ff:ff:ff:ff:ff,d6:35:1d:9f:89:fc,radiotap:wlan_radio:wlan,0x0008,discovery,ap1,,0,,,,,,,0,,
track3_filtered_modified_authorized_only.pcapng,290,1781520243.616196000,c8:3a:35:c2:e0:b7,ff:ff:ff:ff:ff:ff,c8:3a:35:c2:e0:b7,radiotap:wlan_radio:wlan,0x0008,discovery,ap2,,0,,,,,,,0,,
track3_filtered_modified_authorized_only.pcapng,291,1781520243.640042000,d6:35:1d:9f:89:fc,ff:ff:ff:ff:ff:ff,d6:35:1d:9f:89:fc,radiotap:wlan_radio:wlan,0x0008,discovery,ap1,,0,,,,,,,0,,
track3_filtered_modified_authorized_only.pcapng,292,1781520243.719677000,c8:3a:35:c2:e0:b7,ff:ff:ff:ff:ff:ff,c8:3a:35:c2:e0:b7,radiotap:wlan_radio:wlan,0x0008,discovery,ap2,,0,,,,,,,0,,
track3_filtered_modified_authorized_only.pcapng,293,1781520243.821839000,c8:3a:35:c2:e0:b7,ff:ff:ff:ff:ff:ff,c8:3a:35:c2:e0:b7,radiotap:wlan_radio:wlan,0x0008,discovery,ap2,,0,,,,,,,0,,
track3_filtered_modified_authorized_only.pcapng,294,1781520243.924144000,c8:3a:35:c2:e0:b7,ff:ff:ff:ff:ff:ff,c8:3a:35:c2:e0:b7,radiotap:wlan_radio:wlan,0x0008,discovery,ap2,,0,,,,,,,0,,
track3_filtered_modified_authorized_only.pcapng,295,1781520244.026304000,c8:3a:35:c2:e0:b7,ff:ff:ff:ff:ff:ff,c8:3a:35:c2:e0:b7,radiotap:wlan_radio:wlan,0x0008,discovery,ap2,,0,,,,,,,0,,
track3_filtered_modified_authorized_only.pcapng,296,1781520244.131304000,c8:3a:35:c2:e0:b7,ff:ff:ff:ff:ff:ff,c8:3a:35:c2:e0:b7,radiotap:wlan_radio:wlan,0x0008,discovery,ap2,,0,,,,,,,0,,
track3_filtered_modified_authorized_only.pcapng,297,1781520244.151397000,d6:35:1d:9f:89:fc,ff:ff:ff:ff:ff:ff,d6:35:1d:9f:89:fc,radiotap:wlan_radio:wlan,0x0008,discovery,ap1,,0,,,,,,,0,,
track3_filtered_modified_authorized_only.pcapng,298,1781520244.230885000,c8:3a:35:c2:e0:b7,ff:ff:ff:ff:ff:ff,c8:3a:35:c2:e0:b7,radiotap:wlan_radio:wlan,0x0008,discovery,ap2,,0,,,,,,,0,,
track3_filtered_modified_authorized_only.pcapng,299,1781520244.257238000,d6:35:1d:9f:89:fc,ff:ff:ff:ff:ff:ff,d6:35:1d:9f:89:fc,radiotap:wlan_radio:wlan,0x0008,discovery,ap1,,0,,,,,,,0,,
track3_filtered_modified_authorized_only.pcapng,300,1781520244.333903000,c8:3a:35:c2:e0:b7,ff:ff:ff:ff:ff:ff,c8:3a:35:c2:e0:b7,radiotap:wlan_radio:wlan,0x0008,discovery,ap2,,0,,,,,,,0,,
track3_filtered_modified_authorized_only.pcapng,301,1781520244.361202000,d6:35:1d:9f:89:fc,ff:ff:ff:ff:ff:ff,d6:35:1d:9f:89:fc,radiotap:wlan_radio:wlan,0x0008,discovery,ap1,,0,,,,,,,0,,
track3_filtered_modified_authorized_only.pcapng,302,1781520244.435785000,c8:3a:35:c2:e0:b7,ff:ff:ff:ff:ff:ff,c8:3a:35:c2:e0:b7,radiotap:wlan_radio:wlan,0x0008,discovery,ap2,,0,,,,,,,0,,
track3_filtered_modified_authorized_only.pcapng,303,1781520244.537085000,c8:3a:35:c2:e0:b7,ff:ff:ff:ff:ff:ff,c8:3a:35:c2:e0:b7,radiotap:wlan_radio:wlan,0x0008,discovery,ap2,,0,,,,,,,0,,
track3_filtered_modified_authorized_only.pcapng,304,1781520244.640763000,c8:3a:35:c2:e0:b7,ff:ff:ff:ff:ff:ff,c8:3a:35:c2:e0:b7,radiotap:wlan_radio:wlan,0x0008,discovery,ap2,,0,,,,,,,0,,
track3_filtered_modified_authorized_only.pcapng,305,1781520244.743090000,c8:3a:35:c2:e0:b7,ff:ff:ff:ff:ff:ff,c8:3a:35:c2:e0:b7,radiotap:wlan_radio:wlan,0x0008,discovery,ap2,,0,,,,,,,0,,
track3_filtered_modified_authorized_only.pcapng,306,1781520244.766931000,d6:35:1d:9f:89:fc,ff:ff:ff:ff:ff:ff,d6:35:1d:9f:89:fc,radiotap:wlan_radio:wlan,0x0008,discovery,ap1,,0,,,,,,,0,,
track3_filtered_modified_authorized_only.pcapng,307,1781520244.846477000,c8:3a:35:c2:e0:b7,ff:ff:ff:ff:ff:ff,c8:3a:35:c2:e0:b7,radiotap:wlan_radio:wlan,0x0008,discovery,ap2,,0,,,,,,,0,,
track3_filtered_modified_authorized_only.pcapng,308,1781520244.946876000,c8:3a:35:c2:e0:b7,ff:ff:ff:ff:ff:ff,c8:3a:35:c2:e0:b7,radiotap:wlan_radio:wlan,0x0008,discovery,ap2,,0,,,,,,,0,,
track3_filtered_modified_authorized_only.pcapng,309,1781520245.053032000,c8:3a:35:c2:e0:b7,ff:ff:ff:ff:ff:ff,c8:3a:35:c2:e0:b7,radiotap:wlan_radio:wlan,0x0008,discovery,ap2,,0,,,,,,,0,,
track3_filtered_modified_authorized_only.pcapng,310,1781520245.153715000,c8:3a:35:c2:e0:b7,ff:ff:ff:ff:ff:ff,c8:3a:35:c2:e0:b7,radiotap:wlan_radio:wlan,0x0008,discovery,ap2,,0,,,,,,,0,,
track3_filtered_modified_authorized_only.pcapng,311,1781520245.178952000,d6:35:1d:9f:89:fc,ff:ff:ff:ff:ff:ff,d6:35:1d:9f:89:fc,radiotap:wlan_radio:wlan,0x0008,discovery,ap1,,0,,,,,,,0,,
track3_filtered_modified_authorized_only.pcapng,312,1781520245.254717000,c8:3a:35:c2:e0:b7,ff:ff:ff:ff:ff:ff,c8:3a:35:c2:e0:b7,radiotap:wlan_radio:wlan,0x0008,discovery,ap2,,0,,,,,,,0,,
track3_filtered_modified_authorized_only.pcapng,313,1781520245.277721000,d6:35:1d:9f:89:fc,ff:ff:ff:ff:ff:ff,d6:35:1d:9f:89:fc,radiotap:wlan_radio:wlan,0x0008,discovery,ap1,,0,,,,,,,0,,
track3_filtered_modified_authorized_only.pcapng,314,1781520245.356950000,c8:3a:35:c2:e0:b7,ff:ff:ff:ff:ff:ff,c8:3a:35:c2:e0:b7,radiotap:wlan_radio:wlan,0x0008,discovery,ap2,,0,,,,,,,0,,
track3_filtered_modified_authorized_only.pcapng,315,1781520245.381910000,d6:35:1d:9f:89:fc,ff:ff:ff:ff:ff:ff,d6:35:1d:9f:89:fc,radiotap:wlan_radio:wlan,0x0008,discovery,ap1,,0,,,,,,,0,,
track3_filtered_modified_authorized_only.pcapng,316,1781520245.458689000,c8:3a:35:c2:e0:b7,ff:ff:ff:ff:ff:ff,c8:3a:35:c2:e0:b7,radiotap:wlan_radio:wlan,0x0008,discovery,ap2,,0,,,,,,,0,,
track3_filtered_modified_authorized_only.pcapng,317,1781520245.561761000,c8:3a:35:c2:e0:b7,ff:ff:ff:ff:ff:ff,c8:3a:35:c2:e0:b7,radiotap:wlan_radio:wlan,0x0008,discovery,ap2,,0,,,,,,,0,,
track3_filtered_modified_authorized_only.pcapng,318,1781520245.666130000,c8:3a:35:c2:e0:b7,ff:ff:ff:ff:ff:ff,c8:3a:35:c2:e0:b7,radiotap:wlan_radio:wlan,0x0008,discovery,ap2,,0,,,,,,,0,,
track3_filtered_modified_authorized_only.pcapng,319,1781520245.692009000,d6:35:1d:9f:89:fc,ff:ff:ff:ff:ff:ff,d6:35:1d:9f:89:fc,radiotap:wlan_radio:wlan,0x0008,discovery,ap1,,0,,,,,,,0,,
track3_filtered_modified_authorized_only.pcapng,320,1781520245.767071000,c8:3a:35:c2:e0:b7,ff:ff:ff:ff:ff:ff,c8:3a:35:c2:e0:b7,radiotap:wlan_radio:wlan,0x0008,discovery,ap2,,0,,,,,,,0,,
track3_filtered_modified_authorized_only.pcapng,321,1781520245.868446000,c8:3a:35:c2:e0:b7,ff:ff:ff:ff:ff:ff,c8:3a:35:c2:e0:b7,radiotap:wlan_radio:wlan,0x0008,discovery,ap2,,0,,,,,,,0,,
track3_filtered_modified_authorized_only.pcapng,322,1781520245.972714000,c8:3a:35:c2:e0:b7,ff:ff:ff:ff:ff:ff,c8:3a:35:c2:e0:b7,radiotap:wlan_radio:wlan,0x0008,discovery,ap2,,0,,,,,,,0,,
track3_filtered_modified_authorized_only.pcapng,323,1781520245.994487000,d6:35:1d:9f:89:fc,ff:ff:ff:ff:ff:ff,d6:35:1d:9f:89:fc,radiotap:wlan_radio:wlan,0x0008,discovery,ap1,,0,,,,,,,0,,
track3_filtered_modified_authorized_only.pcapng,324,1781520246.073457000,c8:3a:35:c2:e0:b7,ff:ff:ff:ff:ff:ff,c8:3a:35:c2:e0:b7,radiotap:wlan_radio:wlan,0x0008,discovery,ap2,,0,,,,,,,0,,
track3_filtered_modified_authorized_only.pcapng,325,1781520246.176467000,c8:3a:35:c2:e0:b7,ff:ff:ff:ff:ff:ff,c8:3a:35:c2:e0:b7,radiotap:wlan_radio:wlan,0x0008,discovery,ap2,,0,,,,,,,0,,
track3_filtered_modified_authorized_only.pcapng,326,1781520246.279773000,c8:3a:35:c2:e0:b7,ff:ff:ff:ff:ff:ff,c8:3a:35:c2:e0:b7,radiotap:wlan_radio:wlan,0x0008,discovery,ap2,,0,,,,,,,0,,
track3_filtered_modified_authorized_only.pcapng,327,1781520246.382020000,c8:3a:35:c2:e0:b7,ff:ff:ff:ff:ff:ff,c8:3a:35:c2:e0:b7,radiotap:wlan_radio:wlan,0x0008,discovery,ap2,,0,,,,,,,0,,
track3_filtered_modified_authorized_only.pcapng,328,1781520246.483163000,c8:3a:35:c2:e0:b7,ff:ff:ff:ff:ff:ff,c8:3a:35:c2:e0:b7,radiotap:wlan_radio:wlan,0x0008,discovery,ap2,,0,,,,,,,0,,
track3_filtered_modified_authorized_only.pcapng,329,1781520246.506827000,d6:35:1d:9f:89:fc,ff:ff:ff:ff:ff:ff,d6:35:1d:9f:89:fc,radiotap:wlan_radio:wlan,0x0008,discovery,ap1,,0,,,,,,,0,,
track3_filtered_modified_authorized_only.pcapng,330,1781520246.585679000,c8:3a:35:c2:e0:b7,ff:ff:ff:ff:ff:ff,c8:3a:35:c2:e0:b7,radiotap:wlan_radio:wlan,0x0008,discovery,ap2,,0,,,,,,,0,,
